entity_id,entity_type,department,role,privilege_level,manager,home_office,home_lat,home_lon,home_country,home_asn,home_isp,usual_os,usual_browser,usual_auth_method,login_start_hour,login_end_hour,mfa_enabled,vpn_habit,works_weekends,schedule_type
U0001,user,Engineering,Department_Head,4,U0001,HQ_NewYork,40.7128,-74.006,USA,AS7018,AT&T_Corporate,macOS,Firefox,password,9,17,True,False,False,office_hours
U0002,user,Finance,Principal_Engineer,4,U0002,HQ_NewYork,40.7128,-74.006,USA,AS7018,AT&T_Corporate,Windows_11,Firefox,password,9,17,True,False,False,office_hours
U0003,user,HR,Principal_Engineer,4,U0003,HQ_London,51.5074,-0.1278,UK,AS5089,Virgin_Media_Business,RHEL_9,Edge,sso,7,18,True,True,False,office_hours
U0004,user,Sales,Principal_Engineer,4,U0004,HQ_NewYork,40.7128,-74.006,USA,AS7018,AT&T_Corporate,Ubuntu_22,Chrome,token,8,19,True,False,False,office_hours
U0005,user,Marketing,Principal_Engineer,4,U0005,HQ_NewYork,40.7128,-74.006,USA,AS7018,AT&T_Corporate,RHEL_9,Edge,certificate,9,17,True,True,False,office_hours
U0006,user,IT_Ops,Manager,4,U0006,Branch_Sydney,-33.8688,151.2093,Australia,AS1221,Telstra_Business,Windows_11,Safari,password,9,19,True,False,False,office_hours
U0007,user,Legal,Department_Head,4,U0007,Branch_Toronto,43.6532,-79.3832,Canada,AS812,Rogers_Business,RHEL_9,Firefox,token,7,18,True,True,False,office_hours
U0008,user,R&D,Department_Head,4,U0008,Branch_Berlin,52.52,13.405,Germany,AS3320,Deutsche_Telekom_Business,macOS,Chrome,password,7,19,True,True,False,office_hours
U0009,user,Customer_Support,Department_Head,4,U0009,Branch_Toronto,43.6532,-79.3832,Canada,AS812,Rogers_Business,Windows_10,Safari,token,9,20,True,True,False,office_hours
U0010,user,OT_Operations,Department_Head,4,U0010,Branch_Bengaluru,12.9716,77.5946,India,AS55836,Reliance_Jio_Business,RHEL_9,Safari,token,7,20,True,True,False,office_hours
U0011,user,OT_Operations,Support_Agent,1,U0010,Branch_Singapore,1.3521,103.8198,Singapore,AS9506,SingTel_Business,Ubuntu_22,Safari,certificate,8,19,False,False,True,office_hours
U0012,user,Finance,Specialist,2,U0002,Branch_Sydney,-33.8688,151.2093,Australia,AS1221,Telstra_Business,macOS,Chrome,password,7,20,True,False,False,office_hours
U0013,user,Customer_Support,Specialist,2,U0009,HQ_NewYork,40.7128,-74.006,USA,AS7018,AT&T_Corporate,RHEL_9,Firefox,password,7,17,True,False,False,office_hours
U0014,user,IT_Ops,Team_Lead,3,U0006,HQ_London,51.5074,-0.1278,UK,AS5089,Virgin_Media_Business,Windows_10,Chrome,password,8,17,False,False,False,office_hours
U0015,user,OT_Operations,Support_Agent,1,U0010,HQ_London,51.5074,-0.1278,UK,AS5089,Virgin_Media_Business,RHEL_9,Safari,sso,9,18,True,False,False,office_hours
U0016,user,IT_Ops,Support_Agent,1,U0006,Branch_Singapore,1.3521,103.8198,Singapore,AS9506,SingTel_Business,Windows_10,Firefox,password,7,18,True,True,False,office_hours
U0017,user,Engineering,Associate,1,U0001,Branch_Sydney,-33.8688,151.2093,Australia,AS1221,Telstra_Business,Windows_11,Firefox,password,8,18,True,False,False,office_hours
U0018,user,Executive,VP,5,,Branch_Sydney,-33.8688,151.2093,Australia,AS1221,Telstra_Business,Windows_10,Chrome,password,8,19,True,False,False,office_hours
U0019,user,OT_Operations,Specialist,2,U0010,HQ_NewYork,40.7128,-74.006,USA,AS7018,AT&T_Corporate,Ubuntu_22,Edge,sso,7,18,True,False,False,office_hours
U0020,user,HR,Associate,1,U0003,Branch_Sydney,-33.8688,151.2093,Australia,AS1221,Telstra_Business,Ubuntu_22,Chrome,password,9,17,False,False,False,office_hours
U0021,user,HR,Analyst,1,U0003,HQ_London,51.5074,-0.1278,UK,AS5089,Virgin_Media_Business,Windows_11,Firefox,token,8,19,False,False,False,office_hours
U0022,user,Customer_Support,Engineer,2,U0009,HQ_London,51.5074,-0.1278,UK,AS5089,Virgin_Media_Business,macOS,Firefox,sso,9,17,True,True,False,office_hours
U0023,user,Customer_Support,Senior_Specialist,3,U0009,HQ_London,51.5074,-0.1278,UK,AS5089,Virgin_Media_Business,RHEL_9,Chrome,sso,7,17,True,True,False,office_hours
U0024,user,Executive,CxO,5,,HQ_NewYork,40.7128,-74.006,USA,AS7018,AT&T_Corporate,Ubuntu_22,Edge,sso,7,19,True,False,False,office_hours
U0025,user,Marketing,Associate,1,U0005,HQ_NewYork,40.7128,-74.006,USA,AS7018,AT&T_Corporate,RHEL_9,Chrome,password,7,19,True,True,True,office_hours
U0026,user,Sales,Associate,1,U0004,Branch_Singapore,1.3521,103.8198,Singapore,AS9506,SingTel_Business,RHEL_9,Chrome,certificate,9,19,False,True,False,office_hours
U0027,user,Marketing,Associate,1,U0005,Branch_Toronto,43.6532,-79.3832,Canada,AS812,Rogers_Business,macOS,Edge,certificate,9,19,True,False,False,office_hours
U0028,user,R&D,Associate,1,U0008,HQ_NewYork,40.7128,-74.006,USA,AS7018,AT&T_Corporate,macOS,Chrome,password,7,19,True,False,False,office_hours
U0029,user,Customer_Support,Associate,1,U0009,Branch_Toronto,43.6532,-79.3832,Canada,AS812,Rogers_Business,RHEL_9,Chrome,sso,9,18,True,True,False,office_hours
U0030,user,Engineering,Senior_Engineer,3,U0001,Branch_Toronto,43.6532,-79.3832,Canada,AS812,Rogers_Business,Windows_11,Edge,biometric,8,18,False,True,False,office_hours
U0031,user,HR,Senior_Engineer,3,U0003,HQ_London,51.5074,-0.1278,UK,AS5089,Virgin_Media_Business,Ubuntu_22,Firefox,password,9,17,True,True,False,office_hours
U0032,user,Sales,Team_Lead,3,U0004,Branch_Bengaluru,12.9716,77.5946,India,AS55836,Reliance_Jio_Business,Windows_10,Firefox,password,7,20,True,False,False,office_hours
U0033,user,Marketing,Support_Agent,1,U0005,Branch_Singapore,1.3521,103.8198,Singapore,AS9506,SingTel_Business,Windows_11,Chrome,sso,8,18,True,False,True,office_hours
U0034,user,Executive,CxO,5,,Branch_Sydney,-33.8688,151.2093,Australia,AS1221,Telstra_Business,Ubuntu_22,Chrome,token,9,18,True,False,True,office_hours
U0035,user,Customer_Support,Specialist,2,U0009,Branch_Toronto,43.6532,-79.3832,Canada,AS812,Rogers_Business,macOS,Safari,password,9,19,True,False,False,office_hours
U0036,user,Marketing,Specialist,2,U0005,Branch_Singapore,1.3521,103.8198,Singapore,AS9506,SingTel_Business,Ubuntu_22,Edge,certificate,7,20,True,False,False,office_hours
U0037,user,HR,Engineer,2,U0003,Branch_Singapore,1.3521,103.8198,Singapore,AS9506,SingTel_Business,macOS,Edge,password,9,19,True,False,False,office_hours
U0038,user,R&D,Specialist,2,U0008,HQ_London,51.5074,-0.1278,UK,AS5089,Virgin_Media_Business,macOS,Edge,password,7,19,True,True,True,office_hours
U0039,user,Sales,Senior_Specialist,3,U0004,Branch_Sydney,-33.8688,151.2093,Australia,AS1221,Telstra_Business,Ubuntu_22,Safari,sso,9,18,True,False,False,office_hours
U0040,user,HR,Senior_Analyst,2,U0003,Branch_Sydney,-33.8688,151.2093,Australia,AS1221,Telstra_Business,Ubuntu_22,Firefox,password,9,20,True,True,False,office_hours
U0041,user,R&D,Analyst,1,U0008,Branch_Toronto,43.6532,-79.3832,Canada,AS812,Rogers_Business,Ubuntu_22,Safari,sso,9,20,False,False,False,office_hours
U0042,user,Marketing,Specialist,2,U0005,Branch_Bengaluru,12.9716,77.5946,India,AS55836,Reliance_Jio_Business,Windows_10,Edge,token,9,19,True,True,False,office_hours
U0043,user,Finance,Associate,1,U0002,Branch_Singapore,1.3521,103.8198,Singapore,AS9506,SingTel_Business,Windows_10,Chrome,token,8,20,True,True,False,office_hours
U0044,user,Executive,Director,5,,Branch_Sydney,-33.8688,151.2093,Australia,AS1221,Telstra_Business,Ubuntu_22,Chrome,sso,8,20,False,False,False,office_hours
U0045,user,Customer_Support,Senior_Analyst,2,U0009,Branch_Singapore,1.3521,103.8198,Singapore,AS9506,SingTel_Business,macOS,Safari,token,8,19,True,False,False,office_hours
U0046,user,R&D,Senior_Specialist,3,U0008,Branch_Berlin,52.52,13.405,Germany,AS3320,Deutsche_Telekom_Business,Ubuntu_22,Chrome,password,8,18,False,True,False,office_hours
U0047,user,IT_Ops,Analyst,1,U0006,Branch_Bengaluru,12.9716,77.5946,India,AS55836,Reliance_Jio_Business,macOS,Safari,password,7,20,True,False,False,office_hours
U0048,user,IT_Ops,Associate,1,U0006,Branch_Sydney,-33.8688,151.2093,Australia,AS1221,Telstra_Business,Windows_11,Firefox,password,7,18,True,False,False,office_hours
U0049,user,Sales,Analyst,1,U0004,Branch_Sydney,-33.8688,151.2093,Australia,AS1221,Telstra_Business,Windows_10,Chrome,biometric,7,19,True,True,False,office_hours
U0050,user,OT_Operations,Team_Lead,3,U0010,Branch_Singapore,1.3521,103.8198,Singapore,AS9506,SingTel_Business,Windows_11,Firefox,password,8,17,True,False,True,office_hours
U0051,user,Customer_Support,Analyst,1,U0009,HQ_NewYork,40.7128,-74.006,USA,AS7018,AT&T_Corporate,Windows_11,Safari,sso,7,20,False,False,False,office_hours
U0052,user,HR,Support_Agent,1,U0003,Branch_Berlin,52.52,13.405,Germany,AS3320,Deutsche_Telekom_Business,RHEL_9,Safari,token,9,19,True,True,False,office_hours
U0053,user,Marketing,Senior_Engineer,3,U0005,Branch_Sydney,-33.8688,151.2093,Australia,AS1221,Telstra_Business,RHEL_9,Safari,token,8,19,True,True,False,office_hours
U0054,user,IT_Ops,Support_Agent,1,U0006,Branch_Toronto,43.6532,-79.3832,Canada,AS812,Rogers_Business,RHEL_9,Chrome,token,7,17,True,False,False,office_hours
U0055,user,Sales,Specialist,2,U0004,Branch_Toronto,43.6532,-79.3832,Canada,AS812,Rogers_Business,Ubuntu_22,Chrome,password,7,20,True,True,False,office_hours
U0056,user,R&D,Engineer,2,U0008,Branch_Singapore,1.3521,103.8198,Singapore,AS9506,SingTel_Business,macOS,Safari,password,8,18,True,True,False,office_hours
U0057,user,Customer_Support,Senior_Specialist,3,U0009,HQ_London,51.5074,-0.1278,UK,AS5089,Virgin_Media_Business,Windows_10,Safari,password,9,19,False,False,False,office_hours
U0058,user,IT_Ops,Associate,1,U0006,Branch_Toronto,43.6532,-79.3832,Canada,AS812,Rogers_Business,macOS,Chrome,sso,9,19,True,True,False,office_hours
U0059,user,R&D,Associate,1,U0008,Branch_Berlin,52.52,13.405,Germany,AS3320,Deutsche_Telekom_Business,Ubuntu_22,Safari,token,7,17,True,False,False,office_hours
U0060,user,Finance,Associate,1,U0002,Branch_Berlin,52.52,13.405,Germany,AS3320,Deutsche_Telekom_Business,Windows_10,Firefox,sso,8,17,False,True,False,office_hours
U0061,user,Executive,CxO,5,,HQ_London,51.5074,-0.1278,UK,AS5089,Virgin_Media_Business,Ubuntu_22,Safari,password,9,20,True,False,False,office_hours
U0062,user,Finance,Senior_Engineer,3,U0002,Branch_Toronto,43.6532,-79.3832,Canada,AS812,Rogers_Business,macOS,Chrome,password,7,17,True,False,False,office_hours
U0063,user,R&D,Associate,1,U0008,Branch_Bengaluru,12.9716,77.5946,India,AS55836,Reliance_Jio_Business,Ubuntu_22,Chrome,certificate,8,18,True,False,False,office_hours
U0064,user,Marketing,Senior_Engineer,3,U0005,HQ_NewYork,40.7128,-74.006,USA,AS7018,AT&T_Corporate,macOS,Edge,token,8,19,True,False,False,office_hours
U0065,user,R&D,Support_Agent,1,U0008,HQ_NewYork,40.7128,-74.006,USA,AS7018,AT&T_Corporate,macOS,Edge,password,7,17,False,False,False,office_hours
U0066,user,Engineering,Senior_Analyst,2,U0001,Branch_Singapore,1.3521,103.8198,Singapore,AS9506,SingTel_Business,macOS,Firefox,sso,8,20,False,False,False,office_hours
U0067,user,IT_Ops,Senior_Analyst,2,U0006,Branch_Bengaluru,12.9716,77.5946,India,AS55836,Reliance_Jio_Business,Ubuntu_22,Edge,certificate,8,17,True,True,False,office_hours
U0068,user,Legal,Senior_Engineer,3,U0007,Branch_Toronto,43.6532,-79.3832,Canada,AS812,Rogers_Business,Ubuntu_22,Chrome,password,8,20,True,False,False,office_hours
U0069,user,Customer_Support,Analyst,1,U0009,Branch_Singapore,1.3521,103.8198,Singapore,AS9506,SingTel_Business,Windows_11,Chrome,sso,9,18,True,True,True,office_hours
U0070,user,Legal,Associate,1,U0007,Branch_Singapore,1.3521,103.8198,Singapore,AS9506,SingTel_Business,Windows_10,Safari,sso,8,19,True,False,False,office_hours
U0071,user,R&D,Engineer,2,U0008,HQ_London,51.5074,-0.1278,UK,AS5089,Virgin_Media_Business,Windows_11,Edge,biometric,8,19,False,False,False,office_hours
U0072,user,Marketing,Specialist,2,U0005,Branch_Berlin,52.52,13.405,Germany,AS3320,Deutsche_Telekom_Business,Windows_10,Safari,token,8,19,True,False,False,office_hours
U0073,user,IT_Ops,Senior_Specialist,3,U0006,HQ_London,51.5074,-0.1278,UK,AS5089,Virgin_Media_Business,Windows_10,Safari,password,9,20,True,False,False,office_hours
U0074,user,OT_Operations,Specialist,2,U0010,HQ_London,51.5074,-0.1278,UK,AS5089,Virgin_Media_Business,Windows_11,Firefox,token,9,19,False,False,False,office_hours
U0075,user,Customer_Support,Senior_Engineer,3,U0009,Branch_Toronto,43.6532,-79.3832,Canada,AS812,Rogers_Business,Ubuntu_22,Firefox,password,8,19,True,False,False,office_hours
U0076,user,IT_Ops,Senior_Specialist,3,U0006,Branch_Singapore,1.3521,103.8198,Singapore,AS9506,SingTel_Business,Ubuntu_22,Chrome,certificate,7,19,False,False,False,office_hours
U0077,user,Finance,Specialist,2,U0002,Branch_Sydney,-33.8688,151.2093,Australia,AS1221,Telstra_Business,Ubuntu_22,Firefox,certificate,7,17,True,True,False,office_hours
U0078,user,Legal,Support_Agent,1,U0007,Branch_Singapore,1.3521,103.8198,Singapore,AS9506,SingTel_Business,Windows_10,Firefox,password,8,18,True,False,False,office_hours
U0079,user,OT_Operations,Analyst,1,U0010,Branch_Toronto,43.6532,-79.3832,Canada,AS812,Rogers_Business,Ubuntu_22,Edge,certificate,7,17,True,True,False,office_hours
U0080,user,OT_Operations,Senior_Specialist,3,U0010,Branch_Bengaluru,12.9716,77.5946,India,AS55836,Reliance_Jio_Business,macOS,Firefox,sso,8,17,True,False,False,office_hours
U0081,user,Marketing,Support_Agent,1,U0005,Branch_Singapore,1.3521,103.8198,Singapore,AS9506,SingTel_Business,Windows_11,Chrome,sso,9,20,True,False,False,office_hours
U0082,user,Sales,Engineer,2,U0004,HQ_London,51.5074,-0.1278,UK,AS5089,Virgin_Media_Business,RHEL_9,Edge,certificate,9,18,True,False,False,office_hours
U0083,user,Marketing,Senior_Analyst,2,U0005,Branch_Berlin,52.52,13.405,Germany,AS3320,Deutsche_Telekom_Business,Windows_10,Chrome,sso,8,20,True,True,False,office_hours
U0084,user,IT_Ops,Engineer,2,U0006,Branch_Sydney,-33.8688,151.2093,Australia,AS1221,Telstra_Business,macOS,Safari,sso,8,19,True,False,True,office_hours
U0085,user,Sales,Senior_Specialist,3,U0004,Branch_Toronto,43.6532,-79.3832,Canada,AS812,Rogers_Business,RHEL_9,Edge,password,8,17,True,True,False,office_hours
U0086,user,OT_Operations,Analyst,1,U0010,Branch_Sydney,-33.8688,151.2093,Australia,AS1221,Telstra_Business,Windows_11,Firefox,token,9,19,False,True,True,office_hours
U0087,user,R&D,Team_Lead,3,U0008,Branch_Toronto,43.6532,-79.3832,Canada,AS812,Rogers_Business,Windows_11,Firefox,password,7,19,False,True,False,office_hours
U0088,user,Customer_Support,Analyst,1,U0009,Branch_Bengaluru,12.9716,77.5946,India,AS55836,Reliance_Jio_Business,RHEL_9,Firefox,sso,9,17,True,False,False,office_hours
U0089,user,Marketing,Analyst,1,U0005,HQ_London,51.5074,-0.1278,UK,AS5089,Virgin_Media_Business,Ubuntu_22,Firefox,sso,7,19,True,False,False,office_hours
U0090,user,Legal,Associate,1,U0007,Branch_Sydney,-33.8688,151.2093,Australia,AS1221,Telstra_Business,Windows_11,Firefox,certificate,9,17,True,True,False,office_hours
U0091,user,Executive,CxO,5,,HQ_London,51.5074,-0.1278,UK,AS5089,Virgin_Media_Business,Windows_10,Edge,biometric,9,17,True,False,False,office_hours
U0092,user,Customer_Support,Associate,1,U0009,HQ_NewYork,40.7128,-74.006,USA,AS7018,AT&T_Corporate,Windows_10,Chrome,token,7,19,True,True,False,office_hours
U0093,user,Legal,Specialist,2,U0007,HQ_NewYork,40.7128,-74.006,USA,AS7018,AT&T_Corporate,Ubuntu_22,Edge,token,7,20,True,False,True,office_hours
U0094,user,OT_Operations,Engineer,2,U0010,Branch_Toronto,43.6532,-79.3832,Canada,AS812,Rogers_Business,Windows_11,Safari,sso,8,17,True,False,True,office_hours
U0095,user,Finance,Associate,1,U0002,HQ_NewYork,40.7128,-74.006,USA,AS7018,AT&T_Corporate,macOS,Edge,token,9,19,True,False,False,office_hours
U0096,user,Finance,Senior_Specialist,3,U0002,Branch_Sydney,-33.8688,151.2093,Australia,AS1221,Telstra_Business,Ubuntu_22,Safari,sso,8,19,True,False,False,office_hours
U0097,user,IT_Ops,Support_Agent,1,U0006,Branch_Bengaluru,12.9716,77.5946,India,AS55836,Reliance_Jio_Business,Windows_10,Safari,password,7,17,True,False,False,office_hours
U0098,user,HR,Specialist,2,U0003,Branch_Berlin,52.52,13.405,Germany,AS3320,Deutsche_Telekom_Business,Windows_11,Safari,token,9,20,False,False,False,office_hours
U0099,user,Executive,Director,5,,Branch_Berlin,52.52,13.405,Germany,AS3320,Deutsche_Telekom_Business,Windows_10,Safari,password,7,19,True,False,False,office_hours
U0100,user,Executive,VP,5,,Branch_Sydney,-33.8688,151.2093,Australia,AS1221,Telstra_Business,RHEL_9,Edge,password,8,19,False,False,False,office_hours
U0101,user,HR,Engineer,2,U0003,HQ_NewYork,40.7128,-74.006,USA,AS7018,AT&T_Corporate,Windows_11,Chrome,biometric,7,20,True,True,False,office_hours
U0102,user,IT_Ops,Specialist,2,U0006,Branch_Berlin,52.52,13.405,Germany,AS3320,Deutsche_Telekom_Business,Windows_11,Firefox,password,9,17,True,True,False,office_hours
U0103,user,R&D,Engineer,2,U0008,Branch_Bengaluru,12.9716,77.5946,India,AS55836,Reliance_Jio_Business,RHEL_9,Chrome,token,7,19,True,False,False,office_hours
U0104,user,Marketing,Analyst,1,U0005,Branch_Berlin,52.52,13.405,Germany,AS3320,Deutsche_Telekom_Business,Windows_11,Firefox,token,7,18,True,True,False,office_hours
U0105,user,R&D,Senior_Analyst,2,U0008,HQ_London,51.5074,-0.1278,UK,AS5089,Virgin_Media_Business,RHEL_9,Firefox,token,9,19,True,False,True,office_hours
U0106,user,Engineering,Associate,1,U0001,Branch_Sydney,-33.8688,151.2093,Australia,AS1221,Telstra_Business,RHEL_9,Safari,certificate,9,20,True,False,False,office_hours
U0107,user,HR,Senior_Specialist,3,U0003,Branch_Singapore,1.3521,103.8198,Singapore,AS9506,SingTel_Business,Windows_11,Safari,sso,7,20,True,False,False,office_hours
U0108,user,Marketing,Senior_Analyst,2,U0005,Branch_Bengaluru,12.9716,77.5946,India,AS55836,Reliance_Jio_Business,Windows_11,Chrome,token,7,19,True,False,False,office_hours
U0109,user,HR,Associate,1,U0003,Branch_Bengaluru,12.9716,77.5946,India,AS55836,Reliance_Jio_Business,Windows_10,Firefox,biometric,9,17,True,False,False,office_hours
U0110,user,Executive,VP,5,,Branch_Toronto,43.6532,-79.3832,Canada,AS812,Rogers_Business,macOS,Firefox,token,8,20,True,False,False,office_hours
U0111,user,IT_Ops,Engineer,2,U0006,Branch_Singapore,1.3521,103.8198,Singapore,AS9506,SingTel_Business,Windows_11,Chrome,token,8,17,True,False,False,office_hours
U0112,user,Executive,VP,5,,Branch_Berlin,52.52,13.405,Germany,AS3320,Deutsche_Telekom_Business,Ubuntu_22,Firefox,token,8,18,False,False,False,office_hours
U0113,user,IT_Ops,Senior_Engineer,3,U0006,Branch_Berlin,52.52,13.405,Germany,AS3320,Deutsche_Telekom_Business,Windows_11,Firefox,biometric,8,18,True,False,False,office_hours
U0114,user,IT_Ops,Senior_Analyst,2,U0006,Branch_Sydney,-33.8688,151.2093,Australia,AS1221,Telstra_Business,Windows_11,Edge,password,9,20,True,False,False,office_hours
U0115,user,Executive,VP,5,,HQ_NewYork,40.7128,-74.006,USA,AS7018,AT&T_Corporate,macOS,Edge,sso,9,20,True,False,False,office_hours
U0116,user,Customer_Support,Analyst,1,U0009,Branch_Sydney,-33.8688,151.2093,Australia,AS1221,Telstra_Business,RHEL_9,Chrome,certificate,8,19,True,True,False,office_hours
U0117,user,IT_Ops,Team_Lead,3,U0006,HQ_London,51.5074,-0.1278,UK,AS5089,Virgin_Media_Business,Windows_10,Firefox,password,7,17,True,False,False,office_hours
U0118,user,Executive,Director,5,,HQ_London,51.5074,-0.1278,UK,AS5089,Virgin_Media_Business,Ubuntu_22,Chrome,token,9,18,False,False,False,office_hours
U0119,user,R&D,Associate,1,U0008,Branch_Bengaluru,12.9716,77.5946,India,AS55836,Reliance_Jio_Business,Windows_10,Edge,certificate,9,20,True,True,False,office_hours
U0120,user,Customer_Support,Associate,1,U0009,Branch_Sydney,-33.8688,151.2093,Australia,AS1221,Telstra_Business,RHEL_9,Firefox,sso,7,20,False,False,False,office_hours
U0121,user,Customer_Support,Team_Lead,3,U0009,HQ_NewYork,40.7128,-74.006,USA,AS7018,AT&T_Corporate,macOS,Safari,sso,7,20,True,False,False,office_hours
U0122,user,IT_Ops,Team_Lead,3,U0006,HQ_NewYork,40.7128,-74.006,USA,AS7018,AT&T_Corporate,RHEL_9,Edge,password,7,19,True,True,False,office_hours
U0123,user,OT_Operations,Associate,1,U0010,HQ_London,51.5074,-0.1278,UK,AS5089,Virgin_Media_Business,macOS,Safari,certificate,7,20,True,True,True,office_hours
U0124,user,Marketing,Associate,1,U0005,Branch_Berlin,52.52,13.405,Germany,AS3320,Deutsche_Telekom_Business,Windows_11,Edge,password,7,17,True,False,False,office_hours
U0125,user,Finance,Analyst,1,U0002,Branch_Berlin,52.52,13.405,Germany,AS3320,Deutsche_Telekom_Business,RHEL_9,Firefox,biometric,8,20,True,False,False,office_hours
U0126,user,HR,Senior_Analyst,2,U0003,Branch_Berlin,52.52,13.405,Germany,AS3320,Deutsche_Telekom_Business,Windows_11,Chrome,token,8,17,True,False,False,office_hours
U0127,user,Engineering,Associate,1,U0001,Branch_Bengaluru,12.9716,77.5946,India,AS55836,Reliance_Jio_Business,Windows_11,Edge,password,8,19,True,True,False,office_hours
U0128,user,R&D,Team_Lead,3,U0008,Branch_Toronto,43.6532,-79.3832,Canada,AS812,Rogers_Business,Windows_10,Chrome,biometric,8,17,True,True,False,office_hours
U0129,user,Engineering,Analyst,1,U0001,Branch_Berlin,52.52,13.405,Germany,AS3320,Deutsche_Telekom_Business,RHEL_9,Safari,password,9,18,True,False,True,office_hours
U0130,user,OT_Operations,Associate,1,U0010,Branch_Sydney,-33.8688,151.2093,Australia,AS1221,Telstra_Business,Ubuntu_22,Safari,biometric,8,19,False,False,False,office_hours
U0131,user,Customer_Support,Associate,1,U0009,Branch_Toronto,43.6532,-79.3832,Canada,AS812,Rogers_Business,Windows_11,Safari,certificate,7,19,True,True,False,office_hours
U0132,user,Marketing,Support_Agent,1,U0005,Branch_Singapore,1.3521,103.8198,Singapore,AS9506,SingTel_Business,Ubuntu_22,Edge,token,9,19,True,False,False,office_hours
U0133,user,Engineering,Support_Agent,1,U0001,Branch_Singapore,1.3521,103.8198,Singapore,AS9506,SingTel_Business,RHEL_9,Firefox,sso,7,20,True,True,False,office_hours
U0134,user,IT_Ops,Support_Agent,1,U0006,HQ_NewYork,40.7128,-74.006,USA,AS7018,AT&T_Corporate,Ubuntu_22,Edge,token,7,18,True,False,False,office_hours
U0135,user,Sales,Senior_Engineer,3,U0004,Branch_Toronto,43.6532,-79.3832,Canada,AS812,Rogers_Business,Ubuntu_22,Safari,sso,7,19,True,False,False,office_hours
U0136,user,Executive,VP,5,,HQ_London,51.5074,-0.1278,UK,AS5089,Virgin_Media_Business,Windows_10,Chrome,token,9,20,False,False,False,office_hours
U0137,user,IT_Ops,Specialist,2,U0006,HQ_NewYork,40.7128,-74.006,USA,AS7018,AT&T_Corporate,macOS,Firefox,biometric,9,18,True,False,False,office_hours
U0138,user,Sales,Senior_Analyst,2,U0004,Branch_Sydney,-33.8688,151.2093,Australia,AS1221,Telstra_Business,Windows_11,Edge,certificate,8,20,True,False,False,office_hours
U0139,user,Finance,Analyst,1,U0002,Branch_Toronto,43.6532,-79.3832,Canada,AS812,Rogers_Business,RHEL_9,Safari,biometric,9,17,True,True,True,office_hours
U0140,user,R&D,Engineer,2,U0008,HQ_London,51.5074,-0.1278,UK,AS5089,Virgin_Media_Business,Windows_10,Safari,token,7,17,True,True,False,office_hours
U0141,user,Sales,Support_Agent,1,U0004,Branch_Bengaluru,12.9716,77.5946,India,AS55836,Reliance_Jio_Business,macOS,Firefox,certificate,9,19,True,True,False,office_hours
U0142,user,Customer_Support,Specialist,2,U0009,Branch_Berlin,52.52,13.405,Germany,AS3320,Deutsche_Telekom_Business,Windows_10,Edge,sso,9,17,True,True,True,office_hours
U0143,user,OT_Operations,Engineer,2,U0010,Branch_Toronto,43.6532,-79.3832,Canada,AS812,Rogers_Business,RHEL_9,Safari,certificate,7,20,False,False,False,office_hours
U0144,user,Marketing,Support_Agent,1,U0005,Branch_Singapore,1.3521,103.8198,Singapore,AS9506,SingTel_Business,Ubuntu_22,Chrome,certificate,7,20,True,False,False,office_hours
U0145,user,HR,Support_Agent,1,U0003,Branch_Bengaluru,12.9716,77.5946,India,AS55836,Reliance_Jio_Business,Ubuntu_22,Firefox,biometric,9,17,True,False,False,office_hours
U0146,user,Sales,Associate,1,U0004,Branch_Bengaluru,12.9716,77.5946,India,AS55836,Reliance_Jio_Business,RHEL_9,Safari,password,7,19,False,False,False,office_hours
U0147,user,HR,Support_Agent,1,U0003,Branch_Singapore,1.3521,103.8198,Singapore,AS9506,SingTel_Business,macOS,Safari,password,8,20,False,True,False,office_hours
U0148,user,Engineering,Support_Agent,1,U0001,Branch_Sydney,-33.8688,151.2093,Australia,AS1221,Telstra_Business,macOS,Chrome,sso,8,18,False,False,False,office_hours
U0149,user,IT_Ops,Associate,1,U0006,Branch_Berlin,52.52,13.405,Germany,AS3320,Deutsche_Telekom_Business,macOS,Edge,password,9,20,True,True,False,office_hours
U0150,user,OT_Operations,Senior_Analyst,2,U0010,HQ_NewYork,40.7128,-74.006,USA,AS7018,AT&T_Corporate,macOS,Edge,certificate,8,18,True,False,False,office_hours
U0151,user,Engineering,Support_Agent,1,U0001,Branch_Bengaluru,12.9716,77.5946,India,AS55836,Reliance_Jio_Business,RHEL_9,Safari,password,9,18,True,False,False,office_hours
U0152,user,Executive,VP,5,,Branch_Berlin,52.52,13.405,Germany,AS3320,Deutsche_Telekom_Business,RHEL_9,Safari,biometric,8,20,True,False,False,office_hours
U0153,user,Legal,Specialist,2,U0007,Branch_Sydney,-33.8688,151.2093,Australia,AS1221,Telstra_Business,RHEL_9,Safari,password,9,18,True,False,False,office_hours
U0154,user,OT_Operations,Engineer,2,U0010,HQ_London,51.5074,-0.1278,UK,AS5089,Virgin_Media_Business,Windows_11,Chrome,password,8,19,True,False,False,office_hours
U0155,user,Customer_Support,Engineer,2,U0009,Branch_Sydney,-33.8688,151.2093,Australia,AS1221,Telstra_Business,Windows_10,Firefox,certificate,9,20,True,True,False,office_hours
U0156,user,Customer_Support,Analyst,1,U0009,Branch_Toronto,43.6532,-79.3832,Canada,AS812,Rogers_Business,RHEL_9,Safari,password,7,19,True,True,False,office_hours
U0157,user,Marketing,Specialist,2,U0005,HQ_London,51.5074,-0.1278,UK,AS5089,Virgin_Media_Business,macOS,Safari,token,9,19,True,False,False,office_hours
U0158,user,Legal,Senior_Engineer,3,U0007,Branch_Bengaluru,12.9716,77.5946,India,AS55836,Reliance_Jio_Business,macOS,Chrome,token,8,19,True,True,False,office_hours
U0159,user,Marketing,Senior_Specialist,3,U0005,Branch_Bengaluru,12.9716,77.5946,India,AS55836,Reliance_Jio_Business,Windows_11,Firefox,password,9,18,True,True,False,office_hours
U0160,user,R&D,Associate,1,U0008,HQ_NewYork,40.7128,-74.006,USA,AS7018,AT&T_Corporate,Ubuntu_22,Safari,token,7,19,True,False,False,office_hours
U0161,user,Finance,Senior_Analyst,2,U0002,Branch_Berlin,52.52,13.405,Germany,AS3320,Deutsche_Telekom_Business,Windows_10,Safari,sso,7,17,False,False,False,office_hours
U0162,user,Marketing,Senior_Engineer,3,U0005,Branch_Bengaluru,12.9716,77.5946,India,AS55836,Reliance_Jio_Business,macOS,Edge,token,9,20,False,True,False,office_hours
U0163,user,Marketing,Associate,1,U0005,Branch_Bengaluru,12.9716,77.5946,India,AS55836,Reliance_Jio_Business,Ubuntu_22,Edge,biometric,7,19,True,False,False,office_hours
U0164,user,HR,Specialist,2,U0003,Branch_Singapore,1.3521,103.8198,Singapore,AS9506,SingTel_Business,RHEL_9,Edge,password,9,17,True,True,False,office_hours
U0165,user,Sales,Analyst,1,U0004,HQ_London,51.5074,-0.1278,UK,AS5089,Virgin_Media_Business,macOS,Edge,token,9,17,True,False,False,office_hours
U0166,user,OT_Operations,Analyst,1,U0010,HQ_London,51.5074,-0.1278,UK,AS5089,Virgin_Media_Business,RHEL_9,Edge,certificate,9,19,True,True,False,office_hours
U0167,user,R&D,Support_Agent,1,U0008,Branch_Berlin,52.52,13.405,Germany,AS3320,Deutsche_Telekom_Business,Ubuntu_22,Safari,biometric,9,18,True,False,False,office_hours
U0168,user,Finance,Specialist,2,U0002,Branch_Toronto,43.6532,-79.3832,Canada,AS812,Rogers_Business,Windows_11,Chrome,password,9,18,True,True,False,office_hours
U0169,user,Customer_Support,Support_Agent,1,U0009,HQ_London,51.5074,-0.1278,UK,AS5089,Virgin_Media_Business,Windows_11,Safari,sso,8,18,True,False,True,office_hours
U0170,user,R&D,Engineer,2,U0008,Branch_Toronto,43.6532,-79.3832,Canada,AS812,Rogers_Business,Ubuntu_22,Edge,sso,9,18,True,True,False,office_hours
U0171,user,Finance,Senior_Analyst,2,U0002,HQ_NewYork,40.7128,-74.006,USA,AS7018,AT&T_Corporate,Windows_11,Edge,token,7,20,True,False,False,office_hours
U0172,user,Legal,Support_Agent,1,U0007,Branch_Toronto,43.6532,-79.3832,Canada,AS812,Rogers_Business,macOS,Chrome,password,9,20,True,False,False,office_hours
U0173,user,Engineering,Engineer,2,U0001,Branch_Singapore,1.3521,103.8198,Singapore,AS9506,SingTel_Business,RHEL_9,Safari,sso,7,20,True,True,False,office_hours
U0174,user,Finance,Support_Agent,1,U0002,Branch_Singapore,1.3521,103.8198,Singapore,AS9506,SingTel_Business,Windows_10,Firefox,password,9,17,True,False,False,office_hours
U0175,user,Sales,Engineer,2,U0004,Branch_Singapore,1.3521,103.8198,Singapore,AS9506,SingTel_Business,RHEL_9,Firefox,biometric,7,18,True,True,False,office_hours
U0176,user,Executive,CxO,5,,Branch_Sydney,-33.8688,151.2093,Australia,AS1221,Telstra_Business,Windows_10,Edge,sso,9,18,True,True,False,office_hours
U0177,user,Executive,Director,5,,Branch_Toronto,43.6532,-79.3832,Canada,AS812,Rogers_Business,RHEL_9,Safari,password,8,20,True,True,False,office_hours
U0178,user,HR,Associate,1,U0003,Branch_Sydney,-33.8688,151.2093,Australia,AS1221,Telstra_Business,Windows_10,Firefox,token,9,18,True,False,False,office_hours
U0179,user,Legal,Senior_Analyst,2,U0007,Branch_Singapore,1.3521,103.8198,Singapore,AS9506,SingTel_Business,macOS,Firefox,token,7,20,True,True,False,office_hours
U0180,user,Sales,Analyst,1,U0004,Branch_Toronto,43.6532,-79.3832,Canada,AS812,Rogers_Business,Windows_11,Firefox,sso,9,18,True,False,False,office_hours
U0181,user,Engineering,Associate,1,U0001,Branch_Toronto,43.6532,-79.3832,Canada,AS812,Rogers_Business,Ubuntu_22,Firefox,certificate,9,18,True,True,False,office_hours
U0182,user,Marketing,Support_Agent,1,U0005,Branch_Toronto,43.6532,-79.3832,Canada,AS812,Rogers_Business,macOS,Edge,token,8,20,True,False,False,office_hours
U0183,user,IT_Ops,Team_Lead,3,U0006,Branch_Bengaluru,12.9716,77.5946,India,AS55836,Reliance_Jio_Business,Windows_11,Firefox,biometric,7,19,True,False,False,office_hours
U0184,user,Marketing,Analyst,1,U0005,HQ_London,51.5074,-0.1278,UK,AS5089,Virgin_Media_Business,RHEL_9,Firefox,token,9,19,True,False,False,office_hours
U0185,user,OT_Operations,Engineer,2,U0010,HQ_London,51.5074,-0.1278,UK,AS5089,Virgin_Media_Business,Windows_10,Firefox,biometric,8,18,False,False,False,office_hours
U0186,user,Engineering,Senior_Analyst,2,U0001,Branch_Sydney,-33.8688,151.2093,Australia,AS1221,Telstra_Business,Windows_11,Safari,password,9,18,True,True,False,office_hours
U0187,user,R&D,Support_Agent,1,U0008,Branch_Toronto,43.6532,-79.3832,Canada,AS812,Rogers_Business,Ubuntu_22,Chrome,password,9,20,True,False,False,office_hours
U0188,user,Marketing,Support_Agent,1,U0005,Branch_Toronto,43.6532,-79.3832,Canada,AS812,Rogers_Business,Windows_10,Chrome,sso,9,18,True,False,False,office_hours
U0189,user,IT_Ops,Analyst,1,U0006,HQ_NewYork,40.7128,-74.006,USA,AS7018,AT&T_Corporate,Ubuntu_22,Safari,certificate,9,18,True,False,False,office_hours
U0190,user,OT_Operations,Senior_Analyst,2,U0010,Branch_Singapore,1.3521,103.8198,Singapore,AS9506,SingTel_Business,Ubuntu_22,Safari,password,7,18,True,False,False,office_hours
U0191,user,IT_Ops,Senior_Analyst,2,U0006,Branch_Berlin,52.52,13.405,Germany,AS3320,Deutsche_Telekom_Business,Windows_10,Firefox,sso,9,20,True,False,False,office_hours
U0192,user,Marketing,Senior_Specialist,3,U0005,Branch_Toronto,43.6532,-79.3832,Canada,AS812,Rogers_Business,Windows_10,Edge,password,7,18,True,False,False,office_hours
U0193,user,Finance,Support_Agent,1,U0002,HQ_London,51.5074,-0.1278,UK,AS5089,Virgin_Media_Business,RHEL_9,Edge,token,9,18,True,False,True,office_hours
U0194,user,IT_Ops,Analyst,1,U0006,HQ_London,51.5074,-0.1278,UK,AS5089,Virgin_Media_Business,macOS,Safari,sso,8,17,True,False,False,office_hours
U0195,user,Sales,Analyst,1,U0004,Branch_Singapore,1.3521,103.8198,Singapore,AS9506,SingTel_Business,RHEL_9,Safari,password,9,19,True,False,False,office_hours
U0196,user,HR,Support_Agent,1,U0003,HQ_London,51.5074,-0.1278,UK,AS5089,Virgin_Media_Business,macOS,Edge,password,7,19,True,False,False,office_hours
U0197,user,Finance,Analyst,1,U0002,Branch_Berlin,52.52,13.405,Germany,AS3320,Deutsche_Telekom_Business,Windows_11,Chrome,password,9,17,True,False,False,office_hours
U0198,user,Engineering,Analyst,1,U0001,Branch_Sydney,-33.8688,151.2093,Australia,AS1221,Telstra_Business,RHEL_9,Firefox,certificate,7,20,True,True,False,office_hours
U0199,user,HR,Analyst,1,U0003,Branch_Bengaluru,12.9716,77.5946,India,AS55836,Reliance_Jio_Business,macOS,Safari,biometric,8,19,False,False,False,office_hours
U0200,user,Executive,Director,5,,HQ_London,51.5074,-0.1278,UK,AS5089,Virgin_Media_Business,Windows_11,Safari,token,9,20,True,True,False,office_hours
U0201,user,OT_Operations,Senior_Engineer,3,U0010,Branch_Bengaluru,12.9716,77.5946,India,AS55836,Reliance_Jio_Business,RHEL_9,Firefox,token,7,20,False,True,False,office_hours
U0202,user,R&D,Senior_Engineer,3,U0008,Branch_Bengaluru,12.9716,77.5946,India,AS55836,Reliance_Jio_Business,macOS,Safari,token,9,18,True,False,False,office_hours
U0203,user,Customer_Support,Support_Agent,1,U0009,Branch_Singapore,1.3521,103.8198,Singapore,AS9506,SingTel_Business,Ubuntu_22,Edge,sso,7,20,True,True,False,office_hours
U0204,user,Marketing,Specialist,2,U0005,Branch_Singapore,1.3521,103.8198,Singapore,AS9506,SingTel_Business,Windows_11,Safari,sso,8,20,True,False,False,office_hours
U0205,user,Legal,Engineer,2,U0007,Branch_Toronto,43.6532,-79.3832,Canada,AS812,Rogers_Business,Windows_11,Firefox,certificate,8,18,True,True,False,office_hours
U0206,user,OT_Operations,Engineer,2,U0010,Branch_Sydney,-33.8688,151.2093,Australia,AS1221,Telstra_Business,Windows_11,Chrome,password,7,18,True,False,False,office_hours
U0207,user,Executive,Director,5,,Branch_Bengaluru,12.9716,77.5946,India,AS55836,Reliance_Jio_Business,Ubuntu_22,Chrome,password,7,17,True,False,False,office_hours
U0208,user,IT_Ops,Associate,1,U0006,Branch_Berlin,52.52,13.405,Germany,AS3320,Deutsche_Telekom_Business,macOS,Safari,password,9,20,True,True,False,office_hours
U0209,user,Finance,Analyst,1,U0002,Branch_Toronto,43.6532,-79.3832,Canada,AS812,Rogers_Business,Windows_10,Firefox,token,9,18,True,False,False,office_hours
U0210,user,Legal,Senior_Analyst,2,U0007,Branch_Toronto,43.6532,-79.3832,Canada,AS812,Rogers_Business,Ubuntu_22,Chrome,biometric,7,20,True,False,False,office_hours
U0211,user,Sales,Support_Agent,1,U0004,Branch_Sydney,-33.8688,151.2093,Australia,AS1221,Telstra_Business,RHEL_9,Chrome,biometric,9,18,True,True,False,office_hours
U0212,user,OT_Operations,Senior_Specialist,3,U0010,Branch_Toronto,43.6532,-79.3832,Canada,AS812,Rogers_Business,RHEL_9,Safari,certificate,9,17,True,False,False,office_hours
U0213,user,OT_Operations,Engineer,2,U0010,Branch_Berlin,52.52,13.405,Germany,AS3320,Deutsche_Telekom_Business,Windows_10,Edge,password,8,17,True,False,False,office_hours
U0214,user,Legal,Specialist,2,U0007,Branch_Singapore,1.3521,103.8198,Singapore,AS9506,SingTel_Business,Windows_10,Safari,certificate,9,18,True,False,False,office_hours
U0215,user,IT_Ops,Senior_Specialist,3,U0006,HQ_NewYork,40.7128,-74.006,USA,AS7018,AT&T_Corporate,Windows_11,Safari,password,8,20,True,False,False,office_hours
U0216,user,R&D,Associate,1,U0008,Branch_Berlin,52.52,13.405,Germany,AS3320,Deutsche_Telekom_Business,Windows_10,Edge,password,7,19,True,False,False,office_hours
U0217,user,R&D,Senior_Analyst,2,U0008,Branch_Berlin,52.52,13.405,Germany,AS3320,Deutsche_Telekom_Business,macOS,Edge,token,7,20,True,False,False,office_hours
U0218,user,OT_Operations,Engineer,2,U0010,Branch_Sydney,-33.8688,151.2093,Australia,AS1221,Telstra_Business,Ubuntu_22,Edge,token,7,20,False,True,False,office_hours
U0219,user,Sales,Senior_Specialist,3,U0004,Branch_Toronto,43.6532,-79.3832,Canada,AS812,Rogers_Business,RHEL_9,Safari,password,7,18,True,False,False,office_hours
U0220,user,Customer_Support,Support_Agent,1,U0009,HQ_London,51.5074,-0.1278,UK,AS5089,Virgin_Media_Business,macOS,Edge,certificate,9,17,True,False,False,office_hours
U0221,user,Engineering,Senior_Specialist,3,U0001,HQ_London,51.5074,-0.1278,UK,AS5089,Virgin_Media_Business,Windows_10,Firefox,biometric,7,20,True,False,False,office_hours
U0222,user,Legal,Associate,1,U0007,Branch_Toronto,43.6532,-79.3832,Canada,AS812,Rogers_Business,Ubuntu_22,Edge,certificate,8,20,False,True,True,office_hours
U0223,user,Finance,Engineer,2,U0002,Branch_Toronto,43.6532,-79.3832,Canada,AS812,Rogers_Business,Windows_11,Safari,password,8,18,True,True,False,office_hours
U0224,user,Customer_Support,Specialist,2,U0009,Branch_Sydney,-33.8688,151.2093,Australia,AS1221,Telstra_Business,macOS,Chrome,password,9,20,True,False,False,office_hours
U0225,user,R&D,Analyst,1,U0008,HQ_London,51.5074,-0.1278,UK,AS5089,Virgin_Media_Business,macOS,Firefox,sso,8,17,True,True,False,office_hours
U0226,user,OT_Operations,Analyst,1,U0010,Branch_Toronto,43.6532,-79.3832,Canada,AS812,Rogers_Business,Windows_10,Safari,certificate,9,17,True,False,False,office_hours
U0227,user,Sales,Engineer,2,U0004,HQ_NewYork,40.7128,-74.006,USA,AS7018,AT&T_Corporate,macOS,Chrome,sso,8,18,True,True,False,office_hours
U0228,user,Finance,Analyst,1,U0002,Branch_Bengaluru,12.9716,77.5946,India,AS55836,Reliance_Jio_Business,Ubuntu_22,Firefox,certificate,9,18,True,False,False,office_hours
U0229,user,HR,Support_Agent,1,U0003,HQ_London,51.5074,-0.1278,UK,AS5089,Virgin_Media_Business,Ubuntu_22,Safari,sso,7,17,True,True,False,office_hours
U0230,user,IT_Ops,Team_Lead,3,U0006,Branch_Sydney,-33.8688,151.2093,Australia,AS1221,Telstra_Business,Windows_10,Edge,certificate,7,19,True,False,False,office_hours
U0231,user,OT_Operations,Senior_Engineer,3,U0010,Branch_Berlin,52.52,13.405,Germany,AS3320,Deutsche_Telekom_Business,Ubuntu_22,Edge,certificate,7,20,True,True,False,office_hours
U0232,user,Finance,Senior_Analyst,2,U0002,Branch_Bengaluru,12.9716,77.5946,India,AS55836,Reliance_Jio_Business,Windows_10,Safari,sso,9,20,True,False,False,office_hours
U0233,user,Finance,Associate,1,U0002,HQ_NewYork,40.7128,-74.006,USA,AS7018,AT&T_Corporate,Windows_10,Chrome,sso,8,19,True,False,False,office_hours
U0234,user,Legal,Support_Agent,1,U0007,Branch_Berlin,52.52,13.405,Germany,AS3320,Deutsche_Telekom_Business,macOS,Chrome,token,9,18,False,True,False,office_hours
U0235,user,Executive,CxO,5,,Branch_Toronto,43.6532,-79.3832,Canada,AS812,Rogers_Business,macOS,Safari,biometric,7,17,True,False,False,office_hours
U0236,user,Executive,VP,5,,Branch_Toronto,43.6532,-79.3832,Canada,AS812,Rogers_Business,Windows_11,Chrome,biometric,9,17,True,False,False,office_hours
U0237,user,Marketing,Associate,1,U0005,Branch_Toronto,43.6532,-79.3832,Canada,AS812,Rogers_Business,Windows_11,Chrome,token,8,19,True,True,False,office_hours
U0238,user,OT_Operations,Analyst,1,U0010,Branch_Berlin,52.52,13.405,Germany,AS3320,Deutsche_Telekom_Business,Windows_11,Safari,sso,7,19,True,False,False,office_hours
U0239,user,OT_Operations,Senior_Analyst,2,U0010,Branch_Toronto,43.6532,-79.3832,Canada,AS812,Rogers_Business,Windows_11,Chrome,password,8,19,True,True,False,office_hours
U0240,user,Engineering,Specialist,2,U0001,Branch_Toronto,43.6532,-79.3832,Canada,AS812,Rogers_Business,Windows_10,Edge,password,9,19,True,True,False,office_hours
U0241,user,Customer_Support,Senior_Analyst,2,U0009,HQ_London,51.5074,-0.1278,UK,AS5089,Virgin_Media_Business,RHEL_9,Chrome,sso,7,20,False,False,False,office_hours
U0242,user,Finance,Senior_Analyst,2,U0002,Branch_Bengaluru,12.9716,77.5946,India,AS55836,Reliance_Jio_Business,macOS,Edge,biometric,7,20,True,False,False,office_hours
U0243,user,Sales,Specialist,2,U0004,Branch_Sydney,-33.8688,151.2093,Australia,AS1221,Telstra_Business,Windows_10,Chrome,sso,7,18,True,False,False,office_hours
U0244,user,Engineering,Senior_Engineer,3,U0001,Branch_Sydney,-33.8688,151.2093,Australia,AS1221,Telstra_Business,macOS,Chrome,password,7,20,True,True,False,office_hours
U0245,user,Marketing,Associate,1,U0005,Branch_Sydney,-33.8688,151.2093,Australia,AS1221,Telstra_Business,macOS,Safari,sso,7,17,True,False,False,office_hours
U0246,user,Executive,VP,5,,Branch_Toronto,43.6532,-79.3832,Canada,AS812,Rogers_Business,Windows_10,Edge,password,8,20,True,False,False,office_hours
U0247,user,Marketing,Associate,1,U0005,HQ_London,51.5074,-0.1278,UK,AS5089,Virgin_Media_Business,Windows_10,Chrome,password,8,19,True,False,False,office_hours
U0248,user,Sales,Analyst,1,U0004,Branch_Bengaluru,12.9716,77.5946,India,AS55836,Reliance_Jio_Business,Windows_11,Firefox,sso,8,17,True,False,False,office_hours
U0249,user,Sales,Team_Lead,3,U0004,Branch_Berlin,52.52,13.405,Germany,AS3320,Deutsche_Telekom_Business,macOS,Edge,sso,7,17,False,False,False,office_hours
U0250,user,Customer_Support,Analyst,1,U0009,HQ_NewYork,40.7128,-74.006,USA,AS7018,AT&T_Corporate,Windows_11,Chrome,password,7,18,True,False,False,office_hours
U0251,user,OT_Operations,Support_Agent,1,U0010,Branch_Bengaluru,12.9716,77.5946,India,AS55836,Reliance_Jio_Business,Windows_11,Chrome,password,9,20,True,True,False,office_hours
U0252,user,IT_Ops,Analyst,1,U0006,HQ_NewYork,40.7128,-74.006,USA,AS7018,AT&T_Corporate,RHEL_9,Safari,sso,8,20,True,False,False,office_hours
U0253,user,Sales,Team_Lead,3,U0004,Branch_Bengaluru,12.9716,77.5946,India,AS55836,Reliance_Jio_Business,Windows_10,Chrome,certificate,9,18,True,False,False,office_hours
U0254,user,R&D,Analyst,1,U0008,Branch_Singapore,1.3521,103.8198,Singapore,AS9506,SingTel_Business,Ubuntu_22,Firefox,certificate,9,18,True,False,False,office_hours
U0255,user,Legal,Engineer,2,U0007,Branch_Singapore,1.3521,103.8198,Singapore,AS9506,SingTel_Business,macOS,Edge,token,7,17,True,True,False,office_hours
U0256,user,Marketing,Analyst,1,U0005,Branch_Berlin,52.52,13.405,Germany,AS3320,Deutsche_Telekom_Business,RHEL_9,Firefox,sso,7,18,True,True,False,office_hours
U0257,user,Engineering,Senior_Analyst,2,U0001,Branch_Berlin,52.52,13.405,Germany,AS3320,Deutsche_Telekom_Business,macOS,Firefox,password,9,19,True,False,False,office_hours
U0258,user,Engineering,Engineer,2,U0001,Branch_Berlin,52.52,13.405,Germany,AS3320,Deutsche_Telekom_Business,RHEL_9,Firefox,sso,8,19,True,True,True,office_hours
U0259,user,Executive,CxO,5,,Branch_Singapore,1.3521,103.8198,Singapore,AS9506,SingTel_Business,macOS,Firefox,sso,8,18,False,False,False,office_hours
U0260,user,Engineering,Support_Agent,1,U0001,HQ_London,51.5074,-0.1278,UK,AS5089,Virgin_Media_Business,RHEL_9,Edge,sso,8,20,True,True,False,office_hours
U0261,user,HR,Engineer,2,U0003,Branch_Sydney,-33.8688,151.2093,Australia,AS1221,Telstra_Business,macOS,Firefox,biometric,9,19,True,False,False,office_hours
U0262,user,Marketing,Engineer,2,U0005,HQ_London,51.5074,-0.1278,UK,AS5089,Virgin_Media_Business,Windows_11,Safari,sso,9,17,True,True,False,office_hours
U0263,user,Executive,CxO,5,,HQ_NewYork,40.7128,-74.006,USA,AS7018,AT&T_Corporate,Windows_10,Edge,biometric,7,19,False,True,False,office_hours
U0264,user,Finance,Senior_Specialist,3,U0002,Branch_Toronto,43.6532,-79.3832,Canada,AS812,Rogers_Business,Ubuntu_22,Chrome,password,7,17,True,False,False,office_hours
U0265,user,Engineering,Support_Agent,1,U0001,Branch_Singapore,1.3521,103.8198,Singapore,AS9506,SingTel_Business,Ubuntu_22,Safari,sso,8,20,True,False,False,office_hours
U0266,user,OT_Operations,Senior_Analyst,2,U0010,HQ_London,51.5074,-0.1278,UK,AS5089,Virgin_Media_Business,Windows_11,Chrome,password,8,19,False,True,False,office_hours
U0267,user,Legal,Associate,1,U0007,Branch_Berlin,52.52,13.405,Germany,AS3320,Deutsche_Telekom_Business,macOS,Safari,biometric,8,18,True,False,True,office_hours
U0268,user,IT_Ops,Associate,1,U0006,Branch_Singapore,1.3521,103.8198,Singapore,AS9506,SingTel_Business,macOS,Edge,password,7,20,True,False,False,office_hours
U0269,user,IT_Ops,Associate,1,U0006,Branch_Bengaluru,12.9716,77.5946,India,AS55836,Reliance_Jio_Business,Windows_10,Chrome,password,7,19,False,False,False,office_hours
U0270,user,Legal,Support_Agent,1,U0007,Branch_Bengaluru,12.9716,77.5946,India,AS55836,Reliance_Jio_Business,RHEL_9,Safari,password,8,19,True,True,False,office_hours
U0271,user,Marketing,Analyst,1,U0005,Branch_Berlin,52.52,13.405,Germany,AS3320,Deutsche_Telekom_Business,Windows_10,Chrome,password,8,20,False,False,False,office_hours
U0272,user,Legal,Team_Lead,3,U0007,Branch_Berlin,52.52,13.405,Germany,AS3320,Deutsche_Telekom_Business,RHEL_9,Firefox,token,7,20,False,False,False,office_hours
U0273,user,Customer_Support,Senior_Specialist,3,U0009,Branch_Berlin,52.52,13.405,Germany,AS3320,Deutsche_Telekom_Business,Windows_11,Safari,password,7,18,True,True,False,office_hours
U0274,user,OT_Operations,Support_Agent,1,U0010,HQ_London,51.5074,-0.1278,UK,AS5089,Virgin_Media_Business,macOS,Chrome,password,9,20,True,False,False,office_hours
U0275,user,Engineering,Specialist,2,U0001,Branch_Berlin,52.52,13.405,Germany,AS3320,Deutsche_Telekom_Business,Windows_11,Safari,password,9,17,False,False,False,office_hours
U0276,user,Marketing,Team_Lead,3,U0005,Branch_Singapore,1.3521,103.8198,Singapore,AS9506,SingTel_Business,Ubuntu_22,Safari,certificate,8,17,True,False,False,office_hours
U0277,user,OT_Operations,Senior_Analyst,2,U0010,Branch_Singapore,1.3521,103.8198,Singapore,AS9506,SingTel_Business,Windows_10,Chrome,biometric,8,19,True,False,False,office_hours
U0278,user,Marketing,Senior_Specialist,3,U0005,Branch_Toronto,43.6532,-79.3832,Canada,AS812,Rogers_Business,Windows_10,Firefox,token,9,20,True,True,False,office_hours
U0279,user,Executive,Director,5,,Branch_Singapore,1.3521,103.8198,Singapore,AS9506,SingTel_Business,Ubuntu_22,Safari,biometric,8,17,True,True,False,office_hours
U0280,user,Customer_Support,Support_Agent,1,U0009,Branch_Berlin,52.52,13.405,Germany,AS3320,Deutsche_Telekom_Business,Windows_10,Firefox,sso,7,17,True,False,False,office_hours
U0281,user,Sales,Analyst,1,U0004,Branch_Berlin,52.52,13.405,Germany,AS3320,Deutsche_Telekom_Business,Windows_11,Chrome,password,8,20,True,False,False,office_hours
U0282,user,IT_Ops,Analyst,1,U0006,Branch_Toronto,43.6532,-79.3832,Canada,AS812,Rogers_Business,macOS,Chrome,token,7,18,False,False,False,office_hours
U0283,user,Marketing,Specialist,2,U0005,HQ_NewYork,40.7128,-74.006,USA,AS7018,AT&T_Corporate,Ubuntu_22,Firefox,certificate,9,17,True,False,False,office_hours
U0284,user,OT_Operations,Analyst,1,U0010,Branch_Sydney,-33.8688,151.2093,Australia,AS1221,Telstra_Business,Ubuntu_22,Edge,password,8,20,True,True,False,office_hours
U0285,user,IT_Ops,Specialist,2,U0006,Branch_Berlin,52.52,13.405,Germany,AS3320,Deutsche_Telekom_Business,macOS,Chrome,token,8,19,True,False,False,office_hours
U0286,user,OT_Operations,Associate,1,U0010,Branch_Berlin,52.52,13.405,Germany,AS3320,Deutsche_Telekom_Business,Windows_11,Safari,certificate,9,18,True,False,False,office_hours
U0287,user,Marketing,Team_Lead,3,U0005,Branch_Singapore,1.3521,103.8198,Singapore,AS9506,SingTel_Business,RHEL_9,Firefox,token,9,18,True,False,False,office_hours
U0288,user,OT_Operations,Analyst,1,U0010,Branch_Sydney,-33.8688,151.2093,Australia,AS1221,Telstra_Business,RHEL_9,Firefox,password,8,18,True,False,False,office_hours
U0289,user,HR,Team_Lead,3,U0003,Branch_Toronto,43.6532,-79.3832,Canada,AS812,Rogers_Business,Windows_10,Edge,password,8,20,True,True,False,office_hours
U0290,user,Marketing,Associate,1,U0005,Branch_Singapore,1.3521,103.8198,Singapore,AS9506,SingTel_Business,RHEL_9,Chrome,token,7,17,False,False,False,office_hours
U0291,user,Engineering,Senior_Engineer,3,U0001,HQ_London,51.5074,-0.1278,UK,AS5089,Virgin_Media_Business,macOS,Safari,sso,8,18,True,False,False,office_hours
U0292,user,R&D,Associate,1,U0008,Branch_Bengaluru,12.9716,77.5946,India,AS55836,Reliance_Jio_Business,Windows_11,Safari,password,7,18,True,False,False,office_hours
U0293,user,Executive,VP,5,,Branch_Singapore,1.3521,103.8198,Singapore,AS9506,SingTel_Business,Ubuntu_22,Safari,password,9,18,True,False,False,office_hours
U0294,user,Customer_Support,Support_Agent,1,U0009,HQ_NewYork,40.7128,-74.006,USA,AS7018,AT&T_Corporate,Windows_10,Edge,token,7,20,True,True,True,office_hours
U0295,user,Engineering,Analyst,1,U0001,Branch_Singapore,1.3521,103.8198,Singapore,AS9506,SingTel_Business,Ubuntu_22,Firefox,token,8,19,True,True,False,office_hours
U0296,user,Legal,Associate,1,U0007,Branch_Toronto,43.6532,-79.3832,Canada,AS812,Rogers_Business,Windows_10,Chrome,certificate,7,17,True,False,True,office_hours
U0297,user,OT_Operations,Support_Agent,1,U0010,Branch_Berlin,52.52,13.405,Germany,AS3320,Deutsche_Telekom_Business,RHEL_9,Chrome,certificate,9,17,True,True,False,office_hours
U0298,user,Finance,Engineer,2,U0002,Branch_Toronto,43.6532,-79.3832,Canada,AS812,Rogers_Business,Windows_10,Chrome,token,9,17,True,True,False,office_hours
U0299,user,HR,Associate,1,U0003,Branch_Berlin,52.52,13.405,Germany,AS3320,Deutsche_Telekom_Business,macOS,Chrome,biometric,8,18,True,False,False,office_hours
U0300,user,Sales,Analyst,1,U0004,Branch_Bengaluru,12.9716,77.5946,India,AS55836,Reliance_Jio_Business,Windows_11,Safari,sso,9,20,True,True,False,office_hours
U0301,user,Finance,Senior_Specialist,3,U0002,Branch_Singapore,1.3521,103.8198,Singapore,AS9506,SingTel_Business,Windows_11,Chrome,biometric,7,19,True,False,False,office_hours
U0302,user,Marketing,Associate,1,U0005,Branch_Sydney,-33.8688,151.2093,Australia,AS1221,Telstra_Business,Windows_11,Edge,token,9,19,True,True,False,office_hours
U0303,user,Engineering,Associate,1,U0001,Branch_Toronto,43.6532,-79.3832,Canada,AS812,Rogers_Business,macOS,Edge,sso,9,19,False,True,False,office_hours
U0304,user,HR,Analyst,1,U0003,Branch_Singapore,1.3521,103.8198,Singapore,AS9506,SingTel_Business,Ubuntu_22,Safari,biometric,9,18,True,False,True,office_hours
U0305,user,HR,Support_Agent,1,U0003,Branch_Singapore,1.3521,103.8198,Singapore,AS9506,SingTel_Business,Windows_10,Safari,biometric,9,17,False,False,False,office_hours
U0306,user,HR,Analyst,1,U0003,HQ_NewYork,40.7128,-74.006,USA,AS7018,AT&T_Corporate,Ubuntu_22,Chrome,password,9,19,True,False,False,office_hours
U0307,user,Executive,Director,5,,Branch_Toronto,43.6532,-79.3832,Canada,AS812,Rogers_Business,RHEL_9,Chrome,token,9,18,True,False,False,office_hours
U0308,user,HR,Senior_Specialist,3,U0003,Branch_Berlin,52.52,13.405,Germany,AS3320,Deutsche_Telekom_Business,Windows_11,Firefox,token,8,20,False,True,False,office_hours
U0309,user,Sales,Analyst,1,U0004,HQ_NewYork,40.7128,-74.006,USA,AS7018,AT&T_Corporate,RHEL_9,Safari,token,7,17,True,False,False,office_hours
U0310,user,R&D,Associate,1,U0008,Branch_Singapore,1.3521,103.8198,Singapore,AS9506,SingTel_Business,Windows_11,Safari,token,9,17,True,False,False,office_hours
U0311,user,OT_Operations,Support_Agent,1,U0010,Branch_Berlin,52.52,13.405,Germany,AS3320,Deutsche_Telekom_Business,Ubuntu_22,Edge,token,7,18,True,True,False,office_hours
U0312,user,Executive,CxO,5,,Branch_Bengaluru,12.9716,77.5946,India,AS55836,Reliance_Jio_Business,Windows_11,Chrome,biometric,7,17,True,False,False,office_hours
U0313,user,Marketing,Engineer,2,U0005,Branch_Toronto,43.6532,-79.3832,Canada,AS812,Rogers_Business,Windows_11,Firefox,token,9,20,True,False,False,office_hours
U0314,user,Legal,Associate,1,U0007,Branch_Toronto,43.6532,-79.3832,Canada,AS812,Rogers_Business,Windows_11,Safari,password,9,17,True,False,False,office_hours
U0315,user,Customer_Support,Analyst,1,U0009,HQ_NewYork,40.7128,-74.006,USA,AS7018,AT&T_Corporate,RHEL_9,Safari,sso,8,18,True,True,False,office_hours
U0316,user,Finance,Support_Agent,1,U0002,Branch_Berlin,52.52,13.405,Germany,AS3320,Deutsche_Telekom_Business,RHEL_9,Safari,token,9,18,True,False,False,office_hours
U0317,user,R&D,Senior_Engineer,3,U0008,Branch_Singapore,1.3521,103.8198,Singapore,AS9506,SingTel_Business,RHEL_9,Edge,biometric,9,18,True,False,False,office_hours
U0318,user,IT_Ops,Senior_Engineer,3,U0006,Branch_Toronto,43.6532,-79.3832,Canada,AS812,Rogers_Business,RHEL_9,Edge,biometric,8,20,True,False,False,office_hours
U0319,user,OT_Operations,Specialist,2,U0010,Branch_Bengaluru,12.9716,77.5946,India,AS55836,Reliance_Jio_Business,Windows_11,Chrome,password,7,17,True,True,False,office_hours
U0320,user,HR,Senior_Specialist,3,U0003,Branch_Bengaluru,12.9716,77.5946,India,AS55836,Reliance_Jio_Business,Windows_11,Edge,password,9,17,True,False,False,office_hours
U0321,user,OT_Operations,Senior_Analyst,2,U0010,Branch_Toronto,43.6532,-79.3832,Canada,AS812,Rogers_Business,Windows_10,Edge,certificate,7,20,True,False,False,office_hours
U0322,user,IT_Ops,Senior_Engineer,3,U0006,HQ_NewYork,40.7128,-74.006,USA,AS7018,AT&T_Corporate,Windows_10,Safari,sso,9,19,True,False,False,office_hours
U0323,user,Sales,Associate,1,U0004,Branch_Toronto,43.6532,-79.3832,Canada,AS812,Rogers_Business,Windows_10,Firefox,biometric,7,20,True,True,False,office_hours
U0324,user,HR,Engineer,2,U0003,HQ_NewYork,40.7128,-74.006,USA,AS7018,AT&T_Corporate,Ubuntu_22,Firefox,password,8,17,True,False,False,office_hours
U0325,user,Marketing,Support_Agent,1,U0005,Branch_Berlin,52.52,13.405,Germany,AS3320,Deutsche_Telekom_Business,Windows_11,Edge,token,7,17,True,True,False,office_hours
U0326,user,Legal,Associate,1,U0007,HQ_London,51.5074,-0.1278,UK,AS5089,Virgin_Media_Business,macOS,Edge,password,9,20,False,False,False,office_hours
U0327,user,Engineering,Analyst,1,U0001,Branch_Singapore,1.3521,103.8198,Singapore,AS9506,SingTel_Business,RHEL_9,Firefox,sso,9,19,True,False,False,office_hours
U0328,user,Marketing,Engineer,2,U0005,HQ_NewYork,40.7128,-74.006,USA,AS7018,AT&T_Corporate,RHEL_9,Safari,token,8,18,True,True,False,office_hours
U0329,user,Customer_Support,Specialist,2,U0009,HQ_NewYork,40.7128,-74.006,USA,AS7018,AT&T_Corporate,Windows_10,Safari,sso,7,20,True,False,False,office_hours
U0330,user,HR,Support_Agent,1,U0003,Branch_Bengaluru,12.9716,77.5946,India,AS55836,Reliance_Jio_Business,Windows_11,Chrome,password,8,17,True,True,False,office_hours
U0331,user,Legal,Analyst,1,U0007,Branch_Singapore,1.3521,103.8198,Singapore,AS9506,SingTel_Business,Windows_11,Safari,certificate,9,17,True,False,False,office_hours
U0332,user,Executive,Director,5,,Branch_Bengaluru,12.9716,77.5946,India,AS55836,Reliance_Jio_Business,macOS,Edge,certificate,8,20,True,False,True,office_hours
U0333,user,HR,Senior_Analyst,2,U0003,Branch_Toronto,43.6532,-79.3832,Canada,AS812,Rogers_Business,RHEL_9,Edge,sso,7,19,True,False,False,office_hours
U0334,user,OT_Operations,Associate,1,U0010,Branch_Berlin,52.52,13.405,Germany,AS3320,Deutsche_Telekom_Business,Windows_11,Chrome,password,9,20,True,False,False,office_hours
U0335,user,IT_Ops,Support_Agent,1,U0006,Branch_Sydney,-33.8688,151.2093,Australia,AS1221,Telstra_Business,Windows_10,Firefox,password,8,18,True,False,False,office_hours
U0336,user,Engineering,Senior_Specialist,3,U0001,Branch_Singapore,1.3521,103.8198,Singapore,AS9506,SingTel_Business,macOS,Chrome,password,7,20,False,False,False,office_hours
U0337,user,Sales,Support_Agent,1,U0004,HQ_NewYork,40.7128,-74.006,USA,AS7018,AT&T_Corporate,macOS,Safari,token,9,19,True,True,False,office_hours
U0338,user,IT_Ops,Senior_Engineer,3,U0006,HQ_NewYork,40.7128,-74.006,USA,AS7018,AT&T_Corporate,Windows_10,Firefox,biometric,9,20,True,False,False,office_hours
U0339,user,IT_Ops,Team_Lead,3,U0006,Branch_Singapore,1.3521,103.8198,Singapore,AS9506,SingTel_Business,macOS,Safari,certificate,7,17,True,False,False,office_hours
U0340,user,Customer_Support,Support_Agent,1,U0009,Branch_Toronto,43.6532,-79.3832,Canada,AS812,Rogers_Business,Windows_11,Chrome,sso,9,17,True,False,False,office_hours
U0341,user,Sales,Senior_Specialist,3,U0004,Branch_Bengaluru,12.9716,77.5946,India,AS55836,Reliance_Jio_Business,Windows_10,Edge,token,9,19,True,False,False,office_hours
U0342,user,IT_Ops,Specialist,2,U0006,HQ_London,51.5074,-0.1278,UK,AS5089,Virgin_Media_Business,RHEL_9,Firefox,token,7,18,True,False,False,office_hours
U0343,user,Sales,Senior_Analyst,2,U0004,HQ_NewYork,40.7128,-74.006,USA,AS7018,AT&T_Corporate,macOS,Firefox,password,7,19,True,False,False,office_hours
U0344,user,Engineering,Team_Lead,3,U0001,HQ_NewYork,40.7128,-74.006,USA,AS7018,AT&T_Corporate,macOS,Firefox,token,8,19,True,False,True,office_hours
U0345,user,Marketing,Associate,1,U0005,Branch_Berlin,52.52,13.405,Germany,AS3320,Deutsche_Telekom_Business,macOS,Edge,token,8,17,True,True,False,office_hours
U0346,user,Finance,Engineer,2,U0002,HQ_London,51.5074,-0.1278,UK,AS5089,Virgin_Media_Business,Windows_10,Firefox,token,9,17,True,False,False,office_hours
U0347,user,Finance,Analyst,1,U0002,Branch_Singapore,1.3521,103.8198,Singapore,AS9506,SingTel_Business,RHEL_9,Firefox,certificate,8,17,True,True,False,office_hours
U0348,user,HR,Senior_Analyst,2,U0003,Branch_Berlin,52.52,13.405,Germany,AS3320,Deutsche_Telekom_Business,Windows_11,Firefox,password,7,20,True,False,True,office_hours
U0349,user,OT_Operations,Senior_Engineer,3,U0010,HQ_London,51.5074,-0.1278,UK,AS5089,Virgin_Media_Business,RHEL_9,Safari,sso,7,18,True,False,False,office_hours
U0350,user,HR,Specialist,2,U0003,Branch_Bengaluru,12.9716,77.5946,India,AS55836,Reliance_Jio_Business,macOS,Safari,certificate,7,18,True,True,True,office_hours
U0351,user,Customer_Support,Senior_Specialist,3,U0009,Branch_Toronto,43.6532,-79.3832,Canada,AS812,Rogers_Business,Windows_10,Chrome,password,9,17,False,False,False,office_hours
U0352,user,Finance,Associate,1,U0002,Branch_Berlin,52.52,13.405,Germany,AS3320,Deutsche_Telekom_Business,Ubuntu_22,Safari,token,7,20,True,False,False,office_hours
U0353,user,Legal,Support_Agent,1,U0007,Branch_Sydney,-33.8688,151.2093,Australia,AS1221,Telstra_Business,Ubuntu_22,Firefox,password,7,17,True,False,False,office_hours
U0354,user,Sales,Support_Agent,1,U0004,Branch_Sydney,-33.8688,151.2093,Australia,AS1221,Telstra_Business,RHEL_9,Chrome,token,8,18,True,True,False,office_hours
U0355,user,HR,Support_Agent,1,U0003,Branch_Bengaluru,12.9716,77.5946,India,AS55836,Reliance_Jio_Business,RHEL_9,Safari,certificate,9,19,False,False,False,office_hours
U0356,user,Customer_Support,Engineer,2,U0009,HQ_London,51.5074,-0.1278,UK,AS5089,Virgin_Media_Business,RHEL_9,Safari,password,8,19,True,False,False,office_hours
U0357,user,OT_Operations,Associate,1,U0010,Branch_Singapore,1.3521,103.8198,Singapore,AS9506,SingTel_Business,Windows_11,Firefox,token,8,17,True,False,True,office_hours
U0358,user,Finance,Team_Lead,3,U0002,Branch_Berlin,52.52,13.405,Germany,AS3320,Deutsche_Telekom_Business,Windows_11,Chrome,password,8,17,True,False,False,office_hours
U0359,user,Legal,Specialist,2,U0007,Branch_Bengaluru,12.9716,77.5946,India,AS55836,Reliance_Jio_Business,Windows_10,Safari,token,7,19,True,False,False,office_hours
U0360,user,Sales,Specialist,2,U0004,HQ_NewYork,40.7128,-74.006,USA,AS7018,AT&T_Corporate,Windows_10,Chrome,sso,7,19,True,False,False,office_hours
U0361,user,Executive,Director,5,,Branch_Toronto,43.6532,-79.3832,Canada,AS812,Rogers_Business,Windows_11,Edge,biometric,9,19,True,False,False,office_hours
U0362,user,Sales,Analyst,1,U0004,Branch_Berlin,52.52,13.405,Germany,AS3320,Deutsche_Telekom_Business,macOS,Firefox,token,7,17,True,True,False,office_hours
U0363,user,Customer_Support,Senior_Specialist,3,U0009,Branch_Sydney,-33.8688,151.2093,Australia,AS1221,Telstra_Business,Ubuntu_22,Safari,certificate,7,19,False,False,False,office_hours
U0364,user,Executive,VP,5,,HQ_NewYork,40.7128,-74.006,USA,AS7018,AT&T_Corporate,Windows_11,Safari,certificate,7,18,True,False,False,office_hours
U0365,user,Customer_Support,Analyst,1,U0009,HQ_London,51.5074,-0.1278,UK,AS5089,Virgin_Media_Business,Windows_11,Safari,certificate,8,17,True,True,False,office_hours
U0366,user,Sales,Team_Lead,3,U0004,HQ_London,51.5074,-0.1278,UK,AS5089,Virgin_Media_Business,Ubuntu_22,Firefox,password,7,19,True,True,False,office_hours
U0367,user,Executive,Director,5,,HQ_NewYork,40.7128,-74.006,USA,AS7018,AT&T_Corporate,Ubuntu_22,Chrome,biometric,9,17,True,False,False,office_hours
U0368,user,Executive,VP,5,,HQ_London,51.5074,-0.1278,UK,AS5089,Virgin_Media_Business,Ubuntu_22,Firefox,biometric,7,17,True,False,False,office_hours
U0369,user,Engineering,Engineer,2,U0001,Branch_Sydney,-33.8688,151.2093,Australia,AS1221,Telstra_Business,Ubuntu_22,Chrome,certificate,8,19,True,True,False,office_hours
U0370,user,Executive,VP,5,,Branch_Berlin,52.52,13.405,Germany,AS3320,Deutsche_Telekom_Business,Windows_10,Edge,password,8,19,True,False,False,office_hours
U0371,user,IT_Ops,Analyst,1,U0006,Branch_Bengaluru,12.9716,77.5946,India,AS55836,Reliance_Jio_Business,Windows_10,Firefox,sso,9,18,True,False,False,office_hours
U0372,user,Customer_Support,Analyst,1,U0009,HQ_London,51.5074,-0.1278,UK,AS5089,Virgin_Media_Business,Windows_10,Safari,sso,7,20,True,False,False,office_hours
U0373,user,Customer_Support,Engineer,2,U0009,Branch_Sydney,-33.8688,151.2093,Australia,AS1221,Telstra_Business,macOS,Edge,certificate,9,17,True,False,True,office_hours
U0374,user,Marketing,Support_Agent,1,U0005,HQ_NewYork,40.7128,-74.006,USA,AS7018,AT&T_Corporate,macOS,Edge,token,9,19,True,False,False,office_hours
U0375,user,OT_Operations,Senior_Engineer,3,U0010,Branch_Berlin,52.52,13.405,Germany,AS3320,Deutsche_Telekom_Business,macOS,Edge,token,9,20,True,False,True,office_hours
U0376,user,Executive,CxO,5,,HQ_London,51.5074,-0.1278,UK,AS5089,Virgin_Media_Business,macOS,Safari,certificate,9,20,True,True,False,office_hours
U0377,user,Sales,Support_Agent,1,U0004,Branch_Bengaluru,12.9716,77.5946,India,AS55836,Reliance_Jio_Business,RHEL_9,Safari,password,8,19,True,False,False,office_hours
U0378,user,HR,Associate,1,U0003,HQ_London,51.5074,-0.1278,UK,AS5089,Virgin_Media_Business,macOS,Chrome,password,8,17,True,False,False,office_hours
U0379,user,Engineering,Analyst,1,U0001,Branch_Berlin,52.52,13.405,Germany,AS3320,Deutsche_Telekom_Business,Windows_11,Edge,certificate,7,20,True,True,False,office_hours
U0380,user,OT_Operations,Support_Agent,1,U0010,Branch_Sydney,-33.8688,151.2093,Australia,AS1221,Telstra_Business,Windows_11,Chrome,certificate,8,20,True,False,False,office_hours
U0381,user,Customer_Support,Support_Agent,1,U0009,Branch_Berlin,52.52,13.405,Germany,AS3320,Deutsche_Telekom_Business,RHEL_9,Safari,certificate,9,20,True,False,False,office_hours
U0382,user,IT_Ops,Associate,1,U0006,Branch_Sydney,-33.8688,151.2093,Australia,AS1221,Telstra_Business,Ubuntu_22,Edge,token,8,18,True,True,False,office_hours
U0383,user,HR,Analyst,1,U0003,Branch_Berlin,52.52,13.405,Germany,AS3320,Deutsche_Telekom_Business,Ubuntu_22,Safari,password,8,19,True,False,False,office_hours
U0384,user,Sales,Support_Agent,1,U0004,Branch_Singapore,1.3521,103.8198,Singapore,AS9506,SingTel_Business,Windows_10,Firefox,biometric,9,20,True,True,True,office_hours
U0385,user,OT_Operations,Support_Agent,1,U0010,Branch_Sydney,-33.8688,151.2093,Australia,AS1221,Telstra_Business,macOS,Edge,token,7,18,True,True,False,office_hours
U0386,user,R&D,Support_Agent,1,U0008,Branch_Singapore,1.3521,103.8198,Singapore,AS9506,SingTel_Business,macOS,Chrome,password,9,17,True,True,False,office_hours
U0387,user,R&D,Senior_Analyst,2,U0008,HQ_NewYork,40.7128,-74.006,USA,AS7018,AT&T_Corporate,Windows_11,Safari,password,8,19,True,False,False,office_hours
U0388,user,Engineering,Associate,1,U0001,HQ_NewYork,40.7128,-74.006,USA,AS7018,AT&T_Corporate,Ubuntu_22,Chrome,token,7,18,False,True,False,office_hours
U0389,user,Engineering,Support_Agent,1,U0001,HQ_London,51.5074,-0.1278,UK,AS5089,Virgin_Media_Business,Ubuntu_22,Firefox,biometric,7,18,True,False,False,office_hours
U0390,user,Sales,Support_Agent,1,U0004,Branch_Bengaluru,12.9716,77.5946,India,AS55836,Reliance_Jio_Business,Windows_10,Chrome,biometric,9,17,True,False,False,office_hours
U0391,user,Engineering,Senior_Engineer,3,U0001,HQ_NewYork,40.7128,-74.006,USA,AS7018,AT&T_Corporate,Ubuntu_22,Edge,password,8,17,True,True,False,office_hours
U0392,user,Executive,VP,5,,Branch_Toronto,43.6532,-79.3832,Canada,AS812,Rogers_Business,macOS,Chrome,password,8,17,True,True,False,office_hours
U0393,user,OT_Operations,Analyst,1,U0010,Branch_Toronto,43.6532,-79.3832,Canada,AS812,Rogers_Business,RHEL_9,Chrome,password,7,19,False,False,False,office_hours
U0394,user,R&D,Senior_Analyst,2,U0008,Branch_Toronto,43.6532,-79.3832,Canada,AS812,Rogers_Business,macOS,Firefox,password,7,20,True,False,False,office_hours
U0395,user,R&D,Associate,1,U0008,Branch_Berlin,52.52,13.405,Germany,AS3320,Deutsche_Telekom_Business,macOS,Safari,password,9,18,True,True,False,office_hours
U0396,user,Marketing,Engineer,2,U0005,HQ_NewYork,40.7128,-74.006,USA,AS7018,AT&T_Corporate,Windows_10,Chrome,certificate,8,18,True,True,False,office_hours
U0397,user,Legal,Support_Agent,1,U0007,Branch_Singapore,1.3521,103.8198,Singapore,AS9506,SingTel_Business,RHEL_9,Edge,token,9,19,True,False,True,office_hours
U0398,user,HR,Associate,1,U0003,HQ_London,51.5074,-0.1278,UK,AS5089,Virgin_Media_Business,Ubuntu_22,Firefox,password,9,20,True,False,False,office_hours
U0399,user,Marketing,Associate,1,U0005,Branch_Berlin,52.52,13.405,Germany,AS3320,Deutsche_Telekom_Business,Windows_11,Firefox,certificate,7,20,True,True,False,office_hours
U0400,user,Legal,Senior_Specialist,3,U0007,HQ_NewYork,40.7128,-74.006,USA,AS7018,AT&T_Corporate,RHEL_9,Chrome,biometric,8,17,False,False,False,office_hours
U0401,user,Sales,Senior_Analyst,2,U0004,HQ_London,51.5074,-0.1278,UK,AS5089,Virgin_Media_Business,RHEL_9,Firefox,certificate,9,20,True,False,False,office_hours
U0402,user,OT_Operations,Support_Agent,1,U0010,Branch_Singapore,1.3521,103.8198,Singapore,AS9506,SingTel_Business,Windows_10,Firefox,token,9,19,True,False,False,office_hours
U0403,user,IT_Ops,Senior_Specialist,3,U0006,Branch_Bengaluru,12.9716,77.5946,India,AS55836,Reliance_Jio_Business,Ubuntu_22,Safari,sso,8,18,True,True,False,office_hours
U0404,user,Marketing,Analyst,1,U0005,Branch_Singapore,1.3521,103.8198,Singapore,AS9506,SingTel_Business,Windows_11,Chrome,sso,9,17,True,False,False,office_hours
U0405,user,Marketing,Senior_Engineer,3,U0005,Branch_Sydney,-33.8688,151.2093,Australia,AS1221,Telstra_Business,Windows_11,Edge,sso,9,18,True,False,False,office_hours
U0406,user,Marketing,Support_Agent,1,U0005,HQ_London,51.5074,-0.1278,UK,AS5089,Virgin_Media_Business,macOS,Edge,password,8,18,True,False,False,office_hours
U0407,user,HR,Support_Agent,1,U0003,Branch_Toronto,43.6532,-79.3832,Canada,AS812,Rogers_Business,RHEL_9,Edge,password,9,20,True,True,False,office_hours
U0408,user,IT_Ops,Team_Lead,3,U0006,Branch_Singapore,1.3521,103.8198,Singapore,AS9506,SingTel_Business,Windows_10,Chrome,certificate,9,20,True,False,False,office_hours
U0409,user,Executive,CxO,5,,Branch_Toronto,43.6532,-79.3832,Canada,AS812,Rogers_Business,Windows_10,Chrome,certificate,8,20,True,False,False,office_hours
U0410,user,Legal,Analyst,1,U0007,HQ_London,51.5074,-0.1278,UK,AS5089,Virgin_Media_Business,macOS,Chrome,token,9,17,True,True,False,office_hours
U0411,user,Legal,Senior_Analyst,2,U0007,Branch_Sydney,-33.8688,151.2093,Australia,AS1221,Telstra_Business,Ubuntu_22,Firefox,token,9,18,True,False,False,office_hours
U0412,user,Sales,Analyst,1,U0004,Branch_Bengaluru,12.9716,77.5946,India,AS55836,Reliance_Jio_Business,Windows_11,Safari,token,8,18,True,False,True,office_hours
U0413,user,Marketing,Analyst,1,U0005,Branch_Berlin,52.52,13.405,Germany,AS3320,Deutsche_Telekom_Business,RHEL_9,Firefox,token,7,18,True,True,False,office_hours
U0414,user,Finance,Associate,1,U0002,HQ_London,51.5074,-0.1278,UK,AS5089,Virgin_Media_Business,macOS,Chrome,token,7,19,True,True,False,office_hours
U0415,user,Customer_Support,Support_Agent,1,U0009,Branch_Berlin,52.52,13.405,Germany,AS3320,Deutsche_Telekom_Business,RHEL_9,Safari,certificate,7,17,True,False,False,office_hours
U0416,user,Marketing,Analyst,1,U0005,HQ_London,51.5074,-0.1278,UK,AS5089,Virgin_Media_Business,Windows_11,Safari,certificate,7,17,True,True,False,office_hours
U0417,user,OT_Operations,Associate,1,U0010,HQ_NewYork,40.7128,-74.006,USA,AS7018,AT&T_Corporate,Ubuntu_22,Firefox,sso,9,17,False,False,False,office_hours
U0418,user,Finance,Support_Agent,1,U0002,Branch_Singapore,1.3521,103.8198,Singapore,AS9506,SingTel_Business,Windows_11,Firefox,sso,8,19,True,False,True,office_hours
U0419,user,OT_Operations,Support_Agent,1,U0010,Branch_Bengaluru,12.9716,77.5946,India,AS55836,Reliance_Jio_Business,RHEL_9,Edge,sso,9,19,False,False,False,office_hours
U0420,user,Engineering,Team_Lead,3,U0001,HQ_London,51.5074,-0.1278,UK,AS5089,Virgin_Media_Business,macOS,Safari,certificate,7,20,True,False,False,office_hours
U0421,user,OT_Operations,Associate,1,U0010,Branch_Berlin,52.52,13.405,Germany,AS3320,Deutsche_Telekom_Business,Ubuntu_22,Edge,sso,8,20,True,True,False,office_hours
U0422,user,Customer_Support,Senior_Analyst,2,U0009,Branch_Sydney,-33.8688,151.2093,Australia,AS1221,Telstra_Business,macOS,Firefox,token,7,18,True,False,False,office_hours
U0423,user,Finance,Associate,1,U0002,Branch_Toronto,43.6532,-79.3832,Canada,AS812,Rogers_Business,macOS,Safari,sso,8,20,True,False,False,office_hours
U0424,user,Marketing,Associate,1,U0005,HQ_NewYork,40.7128,-74.006,USA,AS7018,AT&T_Corporate,Windows_10,Chrome,biometric,9,19,True,False,False,office_hours
U0425,user,Sales,Engineer,2,U0004,HQ_NewYork,40.7128,-74.006,USA,AS7018,AT&T_Corporate,Windows_10,Safari,biometric,8,18,False,False,False,office_hours
U0426,user,Sales,Analyst,1,U0004,Branch_Sydney,-33.8688,151.2093,Australia,AS1221,Telstra_Business,macOS,Safari,password,9,18,True,True,False,office_hours
U0427,user,R&D,Team_Lead,3,U0008,Branch_Toronto,43.6532,-79.3832,Canada,AS812,Rogers_Business,Ubuntu_22,Firefox,token,7,20,True,False,False,office_hours
U0428,user,Executive,CxO,5,,Branch_Toronto,43.6532,-79.3832,Canada,AS812,Rogers_Business,RHEL_9,Chrome,token,7,18,True,False,False,office_hours
U0429,user,Customer_Support,Support_Agent,1,U0009,HQ_NewYork,40.7128,-74.006,USA,AS7018,AT&T_Corporate,macOS,Safari,token,8,19,True,False,False,office_hours
U0430,user,Engineering,Senior_Analyst,2,U0001,Branch_Singapore,1.3521,103.8198,Singapore,AS9506,SingTel_Business,Windows_11,Chrome,password,9,18,True,True,True,office_hours
U0431,user,R&D,Specialist,2,U0008,HQ_London,51.5074,-0.1278,UK,AS5089,Virgin_Media_Business,Windows_11,Edge,token,9,18,True,True,False,office_hours
U0432,user,R&D,Senior_Analyst,2,U0008,Branch_Berlin,52.52,13.405,Germany,AS3320,Deutsche_Telekom_Business,RHEL_9,Firefox,token,8,17,True,False,False,office_hours
U0433,user,OT_Operations,Senior_Engineer,3,U0010,Branch_Sydney,-33.8688,151.2093,Australia,AS1221,Telstra_Business,Windows_10,Chrome,token,8,20,True,True,False,office_hours
U0434,user,Sales,Analyst,1,U0004,HQ_NewYork,40.7128,-74.006,USA,AS7018,AT&T_Corporate,Ubuntu_22,Safari,token,7,20,True,False,False,office_hours
U0435,user,Legal,Support_Agent,1,U0007,Branch_Berlin,52.52,13.405,Germany,AS3320,Deutsche_Telekom_Business,Windows_10,Edge,certificate,9,18,True,True,False,office_hours
U0436,user,Engineering,Associate,1,U0001,Branch_Toronto,43.6532,-79.3832,Canada,AS812,Rogers_Business,macOS,Chrome,password,8,18,True,True,False,office_hours
U0437,user,Executive,CxO,5,,HQ_London,51.5074,-0.1278,UK,AS5089,Virgin_Media_Business,RHEL_9,Edge,sso,7,19,True,False,False,office_hours
U0438,user,Legal,Senior_Engineer,3,U0007,Branch_Bengaluru,12.9716,77.5946,India,AS55836,Reliance_Jio_Business,Windows_10,Chrome,certificate,8,19,True,False,False,office_hours
U0439,user,Executive,CxO,5,,Branch_Toronto,43.6532,-79.3832,Canada,AS812,Rogers_Business,Ubuntu_22,Edge,token,8,19,True,False,False,office_hours
U0440,user,HR,Engineer,2,U0003,Branch_Berlin,52.52,13.405,Germany,AS3320,Deutsche_Telekom_Business,Ubuntu_22,Firefox,sso,7,19,False,True,True,office_hours
U0441,user,OT_Operations,Specialist,2,U0010,Branch_Sydney,-33.8688,151.2093,Australia,AS1221,Telstra_Business,RHEL_9,Safari,token,8,19,True,False,True,office_hours
U0442,user,Sales,Engineer,2,U0004,Branch_Sydney,-33.8688,151.2093,Australia,AS1221,Telstra_Business,macOS,Edge,token,8,17,True,True,False,office_hours
U0443,user,Executive,Director,5,,Branch_Sydney,-33.8688,151.2093,Australia,AS1221,Telstra_Business,Windows_10,Edge,sso,9,20,False,False,False,office_hours
U0444,user,R&D,Analyst,1,U0008,Branch_Sydney,-33.8688,151.2093,Australia,AS1221,Telstra_Business,Ubuntu_22,Safari,sso,7,19,True,False,False,office_hours
U0445,user,Engineering,Support_Agent,1,U0001,Branch_Bengaluru,12.9716,77.5946,India,AS55836,Reliance_Jio_Business,Windows_11,Firefox,password,7,19,False,False,False,office_hours
U0446,user,Executive,Director,5,,Branch_Berlin,52.52,13.405,Germany,AS3320,Deutsche_Telekom_Business,macOS,Edge,biometric,8,20,True,False,False,office_hours
U0447,user,Marketing,Analyst,1,U0005,HQ_London,51.5074,-0.1278,UK,AS5089,Virgin_Media_Business,macOS,Chrome,biometric,7,20,True,False,False,office_hours
U0448,user,HR,Analyst,1,U0003,Branch_Toronto,43.6532,-79.3832,Canada,AS812,Rogers_Business,macOS,Firefox,biometric,7,18,True,True,False,office_hours
U0449,user,Customer_Support,Analyst,1,U0009,HQ_NewYork,40.7128,-74.006,USA,AS7018,AT&T_Corporate,macOS,Safari,sso,7,19,True,False,False,office_hours
U0450,user,Sales,Associate,1,U0004,Branch_Bengaluru,12.9716,77.5946,India,AS55836,Reliance_Jio_Business,RHEL_9,Edge,biometric,9,17,True,True,False,office_hours
U0451,user,Executive,Director,5,,HQ_London,51.5074,-0.1278,UK,AS5089,Virgin_Media_Business,RHEL_9,Edge,password,9,19,True,True,False,office_hours
U0452,user,IT_Ops,Senior_Analyst,2,U0006,HQ_London,51.5074,-0.1278,UK,AS5089,Virgin_Media_Business,Ubuntu_22,Chrome,password,7,17,True,True,False,office_hours
U0453,user,Executive,CxO,5,,Branch_Toronto,43.6532,-79.3832,Canada,AS812,Rogers_Business,RHEL_9,Edge,token,7,17,False,False,False,office_hours
U0454,user,HR,Support_Agent,1,U0003,Branch_Singapore,1.3521,103.8198,Singapore,AS9506,SingTel_Business,Ubuntu_22,Edge,certificate,9,20,True,False,False,office_hours
U0455,user,Executive,VP,5,,Branch_Singapore,1.3521,103.8198,Singapore,AS9506,SingTel_Business,macOS,Edge,token,7,17,True,False,False,office_hours
U0456,user,HR,Analyst,1,U0003,Branch_Berlin,52.52,13.405,Germany,AS3320,Deutsche_Telekom_Business,RHEL_9,Chrome,token,9,17,True,False,False,office_hours
U0457,user,Customer_Support,Support_Agent,1,U0009,Branch_Singapore,1.3521,103.8198,Singapore,AS9506,SingTel_Business,RHEL_9,Firefox,token,8,20,True,True,False,office_hours
U0458,user,Legal,Engineer,2,U0007,Branch_Berlin,52.52,13.405,Germany,AS3320,Deutsche_Telekom_Business,RHEL_9,Firefox,password,9,17,True,False,False,office_hours
U0459,user,Finance,Engineer,2,U0002,Branch_Bengaluru,12.9716,77.5946,India,AS55836,Reliance_Jio_Business,Ubuntu_22,Firefox,token,8,17,True,False,False,office_hours
U0460,user,Legal,Support_Agent,1,U0007,Branch_Toronto,43.6532,-79.3832,Canada,AS812,Rogers_Business,Windows_11,Firefox,sso,9,17,True,False,False,office_hours
U0461,user,Marketing,Support_Agent,1,U0005,Branch_Singapore,1.3521,103.8198,Singapore,AS9506,SingTel_Business,Windows_10,Edge,password,9,19,False,False,False,office_hours
U0462,user,IT_Ops,Senior_Specialist,3,U0006,HQ_NewYork,40.7128,-74.006,USA,AS7018,AT&T_Corporate,Windows_10,Edge,password,9,17,True,False,False,office_hours
U0463,user,Finance,Senior_Engineer,3,U0002,HQ_London,51.5074,-0.1278,UK,AS5089,Virgin_Media_Business,RHEL_9,Safari,certificate,9,20,True,False,False,office_hours
U0464,user,HR,Associate,1,U0003,Branch_Berlin,52.52,13.405,Germany,AS3320,Deutsche_Telekom_Business,macOS,Safari,password,9,18,True,True,True,office_hours
U0465,user,R&D,Senior_Analyst,2,U0008,HQ_NewYork,40.7128,-74.006,USA,AS7018,AT&T_Corporate,Ubuntu_22,Safari,sso,9,20,True,False,False,office_hours
U0466,user,R&D,Associate,1,U0008,HQ_London,51.5074,-0.1278,UK,AS5089,Virgin_Media_Business,RHEL_9,Chrome,certificate,9,18,True,True,False,office_hours
U0467,user,Executive,Director,5,,Branch_Berlin,52.52,13.405,Germany,AS3320,Deutsche_Telekom_Business,macOS,Chrome,certificate,9,17,True,False,False,office_hours
U0468,user,Marketing,Associate,1,U0005,Branch_Berlin,52.52,13.405,Germany,AS3320,Deutsche_Telekom_Business,Windows_10,Safari,certificate,9,17,True,False,False,office_hours
U0469,user,Executive,VP,5,,Branch_Berlin,52.52,13.405,Germany,AS3320,Deutsche_Telekom_Business,Ubuntu_22,Safari,token,8,19,True,False,False,office_hours
U0470,user,Marketing,Support_Agent,1,U0005,Branch_Berlin,52.52,13.405,Germany,AS3320,Deutsche_Telekom_Business,RHEL_9,Edge,password,8,18,True,False,False,office_hours
U0471,user,Executive,VP,5,,HQ_NewYork,40.7128,-74.006,USA,AS7018,AT&T_Corporate,RHEL_9,Chrome,sso,8,19,True,True,False,office_hours
U0472,user,Engineering,Specialist,2,U0001,HQ_London,51.5074,-0.1278,UK,AS5089,Virgin_Media_Business,Ubuntu_22,Edge,sso,8,18,True,False,False,office_hours
U0473,user,IT_Ops,Senior_Engineer,3,U0006,Branch_Berlin,52.52,13.405,Germany,AS3320,Deutsche_Telekom_Business,Ubuntu_22,Safari,biometric,7,20,True,True,False,office_hours
U0474,user,IT_Ops,Analyst,1,U0006,Branch_Sydney,-33.8688,151.2093,Australia,AS1221,Telstra_Business,Windows_11,Firefox,token,8,19,True,False,False,office_hours
U0475,user,Sales,Support_Agent,1,U0004,Branch_Singapore,1.3521,103.8198,Singapore,AS9506,SingTel_Business,macOS,Firefox,token,8,17,True,False,False,office_hours
U0476,user,IT_Ops,Senior_Specialist,3,U0006,HQ_NewYork,40.7128,-74.006,USA,AS7018,AT&T_Corporate,RHEL_9,Edge,sso,8,19,True,True,False,office_hours
U0477,user,OT_Operations,Engineer,2,U0010,Branch_Sydney,-33.8688,151.2093,Australia,AS1221,Telstra_Business,RHEL_9,Firefox,token,9,18,True,True,True,office_hours
U0478,user,Finance,Associate,1,U0002,Branch_Berlin,52.52,13.405,Germany,AS3320,Deutsche_Telekom_Business,Ubuntu_22,Edge,password,8,19,True,True,False,office_hours
U0479,user,Executive,Director,5,,Branch_Berlin,52.52,13.405,Germany,AS3320,Deutsche_Telekom_Business,Windows_11,Chrome,sso,7,20,True,False,False,office_hours
U0480,user,HR,Senior_Specialist,3,U0003,HQ_London,51.5074,-0.1278,UK,AS5089,Virgin_Media_Business,macOS,Safari,certificate,7,20,False,True,False,office_hours
U0481,user,OT_Operations,Engineer,2,U0010,Branch_Bengaluru,12.9716,77.5946,India,AS55836,Reliance_Jio_Business,Windows_11,Edge,biometric,8,20,True,True,False,office_hours
U0482,user,Marketing,Associate,1,U0005,Branch_Singapore,1.3521,103.8198,Singapore,AS9506,SingTel_Business,RHEL_9,Safari,password,8,17,True,False,False,office_hours
U0483,user,OT_Operations,Analyst,1,U0010,Branch_Toronto,43.6532,-79.3832,Canada,AS812,Rogers_Business,Windows_11,Chrome,password,9,19,True,True,False,office_hours
U0484,user,OT_Operations,Senior_Analyst,2,U0010,Branch_Toronto,43.6532,-79.3832,Canada,AS812,Rogers_Business,macOS,Firefox,biometric,8,17,True,False,False,office_hours
U0485,user,Legal,Support_Agent,1,U0007,Branch_Sydney,-33.8688,151.2093,Australia,AS1221,Telstra_Business,RHEL_9,Firefox,password,9,20,True,False,False,office_hours
U0486,user,IT_Ops,Engineer,2,U0006,HQ_NewYork,40.7128,-74.006,USA,AS7018,AT&T_Corporate,macOS,Edge,password,8,19,True,True,True,office_hours
U0487,user,Legal,Engineer,2,U0007,Branch_Toronto,43.6532,-79.3832,Canada,AS812,Rogers_Business,Windows_11,Edge,token,9,20,True,True,False,office_hours
U0488,user,Executive,VP,5,,HQ_NewYork,40.7128,-74.006,USA,AS7018,AT&T_Corporate,Ubuntu_22,Safari,sso,7,17,True,True,False,office_hours
U0489,user,Legal,Support_Agent,1,U0007,Branch_Toronto,43.6532,-79.3832,Canada,AS812,Rogers_Business,RHEL_9,Firefox,biometric,7,17,True,True,False,office_hours
U0490,user,R&D,Senior_Specialist,3,U0008,HQ_NewYork,40.7128,-74.006,USA,AS7018,AT&T_Corporate,Windows_10,Chrome,password,7,19,True,True,False,office_hours
U0491,user,Executive,Director,5,,HQ_NewYork,40.7128,-74.006,USA,AS7018,AT&T_Corporate,RHEL_9,Firefox,password,7,20,True,False,False,office_hours
U0492,user,Legal,Support_Agent,1,U0007,Branch_Berlin,52.52,13.405,Germany,AS3320,Deutsche_Telekom_Business,macOS,Firefox,biometric,9,18,True,True,False,office_hours
U0493,user,Legal,Analyst,1,U0007,Branch_Berlin,52.52,13.405,Germany,AS3320,Deutsche_Telekom_Business,Ubuntu_22,Firefox,sso,7,18,True,False,False,office_hours
U0494,user,HR,Analyst,1,U0003,HQ_NewYork,40.7128,-74.006,USA,AS7018,AT&T_Corporate,Windows_11,Firefox,sso,9,19,True,False,False,office_hours
U0495,user,HR,Support_Agent,1,U0003,Branch_Bengaluru,12.9716,77.5946,India,AS55836,Reliance_Jio_Business,Ubuntu_22,Firefox,sso,9,17,True,False,False,office_hours
U0496,user,Finance,Engineer,2,U0002,Branch_Bengaluru,12.9716,77.5946,India,AS55836,Reliance_Jio_Business,Windows_11,Firefox,password,9,17,True,False,False,office_hours
U0497,user,Customer_Support,Support_Agent,1,U0009,Branch_Toronto,43.6532,-79.3832,Canada,AS812,Rogers_Business,macOS,Chrome,password,7,20,True,True,False,office_hours
U0498,user,Engineering,Engineer,2,U0001,HQ_London,51.5074,-0.1278,UK,AS5089,Virgin_Media_Business,macOS,Edge,certificate,8,17,True,True,False,office_hours
U0499,user,HR,Engineer,2,U0003,Branch_Berlin,52.52,13.405,Germany,AS3320,Deutsche_Telekom_Business,Windows_11,Firefox,biometric,9,19,True,False,False,office_hours
U0500,user,Sales,Engineer,2,U0004,HQ_London,51.5074,-0.1278,UK,AS5089,Virgin_Media_Business,Windows_10,Safari,sso,8,18,True,False,True,office_hours
SVC001,service_account,IT_Ops,Automation,2,,Branch_Singapore,1.3521,103.8198,Singapore,AS9506,SingTel_Business,RHEL_9,N/A,certificate,0,23,False,False,True,scheduled_job
SVC002,service_account,IT_Ops,Automation,4,,HQ_London,51.5074,-0.1278,UK,AS5089,Virgin_Media_Business,RHEL_9,N/A,certificate,0,23,False,False,True,scheduled_job
SVC003,service_account,IT_Ops,Automation,2,,Branch_Singapore,1.3521,103.8198,Singapore,AS9506,SingTel_Business,RHEL_9,N/A,certificate,0,23,False,False,True,scheduled_job
SVC004,service_account,IT_Ops,Automation,3,,Branch_Singapore,1.3521,103.8198,Singapore,AS9506,SingTel_Business,RHEL_9,N/A,certificate,0,23,False,False,True,scheduled_job
SVC005,service_account,IT_Ops,Automation,3,,HQ_London,51.5074,-0.1278,UK,AS5089,Virgin_Media_Business,RHEL_9,N/A,certificate,0,23,False,False,True,scheduled_job
SVC006,service_account,IT_Ops,Automation,2,,Branch_Toronto,43.6532,-79.3832,Canada,AS812,Rogers_Business,RHEL_9,N/A,certificate,0,23,False,False,True,scheduled_job
SVC007,service_account,IT_Ops,Automation,3,,Branch_Toronto,43.6532,-79.3832,Canada,AS812,Rogers_Business,RHEL_9,N/A,certificate,0,23,False,False,True,scheduled_job
SVC008,service_account,IT_Ops,Automation,2,,Branch_Bengaluru,12.9716,77.5946,India,AS55836,Reliance_Jio_Business,RHEL_9,N/A,certificate,0,23,False,False,True,scheduled_job
SVC009,service_account,IT_Ops,Automation,2,,Branch_Bengaluru,12.9716,77.5946,India,AS55836,Reliance_Jio_Business,RHEL_9,N/A,certificate,0,23,False,False,True,scheduled_job
SVC010,service_account,IT_Ops,Automation,4,,HQ_NewYork,40.7128,-74.006,USA,AS7018,AT&T_Corporate,RHEL_9,N/A,certificate,0,23,False,False,True,scheduled_job
SVC011,service_account,IT_Ops,Automation,2,,Branch_Berlin,52.52,13.405,Germany,AS3320,Deutsche_Telekom_Business,RHEL_9,N/A,certificate,0,23,False,False,True,scheduled_job
SVC012,service_account,IT_Ops,Automation,2,,Branch_Bengaluru,12.9716,77.5946,India,AS55836,Reliance_Jio_Business,RHEL_9,N/A,certificate,0,23,False,False,True,scheduled_job
SVC013,service_account,IT_Ops,Automation,3,,HQ_NewYork,40.7128,-74.006,USA,AS7018,AT&T_Corporate,RHEL_9,N/A,certificate,0,23,False,False,True,scheduled_job
SVC014,service_account,IT_Ops,Automation,3,,Branch_Singapore,1.3521,103.8198,Singapore,AS9506,SingTel_Business,RHEL_9,N/A,certificate,0,23,False,False,True,scheduled_job
SVC015,service_account,IT_Ops,Automation,3,,HQ_London,51.5074,-0.1278,UK,AS5089,Virgin_Media_Business,RHEL_9,N/A,certificate,0,23,False,False,True,scheduled_job
SVC016,service_account,IT_Ops,Automation,3,,HQ_London,51.5074,-0.1278,UK,AS5089,Virgin_Media_Business,RHEL_9,N/A,certificate,0,23,False,False,True,scheduled_job
SVC017,service_account,IT_Ops,Automation,2,,Branch_Berlin,52.52,13.405,Germany,AS3320,Deutsche_Telekom_Business,RHEL_9,N/A,certificate,0,23,False,False,True,scheduled_job
SVC018,service_account,IT_Ops,Automation,4,,Branch_Sydney,-33.8688,151.2093,Australia,AS1221,Telstra_Business,RHEL_9,N/A,certificate,0,23,False,False,True,scheduled_job
SVC019,service_account,IT_Ops,Automation,2,,Branch_Berlin,52.52,13.405,Germany,AS3320,Deutsche_Telekom_Business,RHEL_9,N/A,certificate,0,23,False,False,True,scheduled_job
SVC020,service_account,IT_Ops,Automation,4,,Branch_Berlin,52.52,13.405,Germany,AS3320,Deutsche_Telekom_Business,RHEL_9,N/A,certificate,0,23,False,False,True,scheduled_job
SVC021,service_account,IT_Ops,Automation,2,,Branch_Sydney,-33.8688,151.2093,Australia,AS1221,Telstra_Business,RHEL_9,N/A,certificate,0,23,False,False,True,scheduled_job
SVC022,service_account,IT_Ops,Automation,3,,HQ_NewYork,40.7128,-74.006,USA,AS7018,AT&T_Corporate,RHEL_9,N/A,certificate,0,23,False,False,True,scheduled_job
SVC023,service_account,IT_Ops,Automation,4,,Branch_Sydney,-33.8688,151.2093,Australia,AS1221,Telstra_Business,RHEL_9,N/A,certificate,0,23,False,False,True,scheduled_job
SVC024,service_account,IT_Ops,Automation,2,,Branch_Singapore,1.3521,103.8198,Singapore,AS9506,SingTel_Business,RHEL_9,N/A,certificate,0,23,False,False,True,scheduled_job
SVC025,service_account,IT_Ops,Automation,3,,Branch_Berlin,52.52,13.405,Germany,AS3320,Deutsche_Telekom_Business,RHEL_9,N/A,certificate,0,23,False,False,True,scheduled_job
SVC026,service_account,IT_Ops,Automation,3,,Branch_Sydney,-33.8688,151.2093,Australia,AS1221,Telstra_Business,RHEL_9,N/A,certificate,0,23,False,False,True,scheduled_job
SVC027,service_account,IT_Ops,Automation,2,,Branch_Bengaluru,12.9716,77.5946,India,AS55836,Reliance_Jio_Business,RHEL_9,N/A,certificate,0,23,False,False,True,scheduled_job
SVC028,service_account,IT_Ops,Automation,3,,Branch_Toronto,43.6532,-79.3832,Canada,AS812,Rogers_Business,RHEL_9,N/A,certificate,0,23,False,False,True,scheduled_job
SVC029,service_account,IT_Ops,Automation,2,,Branch_Toronto,43.6532,-79.3832,Canada,AS812,Rogers_Business,RHEL_9,N/A,certificate,0,23,False,False,True,scheduled_job
SVC030,service_account,IT_Ops,Automation,3,,HQ_London,51.5074,-0.1278,UK,AS5089,Virgin_Media_Business,RHEL_9,N/A,certificate,0,23,False,False,True,scheduled_job
SVC031,service_account,IT_Ops,Automation,4,,Branch_Singapore,1.3521,103.8198,Singapore,AS9506,SingTel_Business,RHEL_9,N/A,certificate,0,23,False,False,True,scheduled_job
SVC032,service_account,IT_Ops,Automation,4,,HQ_London,51.5074,-0.1278,UK,AS5089,Virgin_Media_Business,RHEL_9,N/A,certificate,0,23,False,False,True,scheduled_job
SVC033,service_account,IT_Ops,Automation,4,,HQ_London,51.5074,-0.1278,UK,AS5089,Virgin_Media_Business,RHEL_9,N/A,certificate,0,23,False,False,True,scheduled_job
SVC034,service_account,IT_Ops,Automation,3,,HQ_NewYork,40.7128,-74.006,USA,AS7018,AT&T_Corporate,RHEL_9,N/A,certificate,0,23,False,False,True,scheduled_job
SVC035,service_account,IT_Ops,Automation,2,,HQ_NewYork,40.7128,-74.006,USA,AS7018,AT&T_Corporate,RHEL_9,N/A,certificate,0,23,False,False,True,scheduled_job
SVC036,service_account,IT_Ops,Automation,4,,Branch_Singapore,1.3521,103.8198,Singapore,AS9506,SingTel_Business,RHEL_9,N/A,certificate,0,23,False,False,True,scheduled_job
SVC037,service_account,IT_Ops,Automation,4,,Branch_Sydney,-33.8688,151.2093,Australia,AS1221,Telstra_Business,RHEL_9,N/A,certificate,0,23,False,False,True,scheduled_job
SVC038,service_account,IT_Ops,Automation,3,,HQ_NewYork,40.7128,-74.006,USA,AS7018,AT&T_Corporate,RHEL_9,N/A,certificate,0,23,False,False,True,scheduled_job
SVC039,service_account,IT_Ops,Automation,3,,Branch_Berlin,52.52,13.405,Germany,AS3320,Deutsche_Telekom_Business,RHEL_9,N/A,certificate,0,23,False,False,True,scheduled_job
SVC040,service_account,IT_Ops,Automation,4,,Branch_Singapore,1.3521,103.8198,Singapore,AS9506,SingTel_Business,RHEL_9,N/A,certificate,0,23,False,False,True,scheduled_job
EDG001,edge_device,OT_Operations,N/A,2,,Branch_Sydney,-33.8688,151.2093,Australia,AS1221,Telstra_Business,Embedded_RTOS,N/A,certificate,0,23,False,False,True,always_on
EDG002,edge_device,OT_Operations,N/A,2,,HQ_NewYork,40.7128,-74.006,USA,AS7018,AT&T_Corporate,Embedded_RTOS,N/A,certificate,0,23,False,False,True,always_on
EDG003,edge_device,OT_Operations,N/A,2,,Branch_Singapore,1.3521,103.8198,Singapore,AS9506,SingTel_Business,Embedded_RTOS,N/A,certificate,0,23,False,False,True,always_on
EDG004,edge_device,OT_Operations,N/A,2,,Branch_Singapore,1.3521,103.8198,Singapore,AS9506,SingTel_Business,Embedded_RTOS,N/A,certificate,0,23,False,False,True,always_on
EDG005,edge_device,OT_Operations,N/A,2,,HQ_London,51.5074,-0.1278,UK,AS5089,Virgin_Media_Business,Embedded_RTOS,N/A,certificate,0,23,False,False,True,always_on
EDG006,edge_device,OT_Operations,N/A,2,,HQ_NewYork,40.7128,-74.006,USA,AS7018,AT&T_Corporate,Embedded_RTOS,N/A,certificate,0,23,False,False,True,always_on
EDG007,edge_device,OT_Operations,N/A,2,,Branch_Berlin,52.52,13.405,Germany,AS3320,Deutsche_Telekom_Business,Embedded_RTOS,N/A,certificate,0,23,False,False,True,always_on
EDG008,edge_device,OT_Operations,N/A,2,,Branch_Sydney,-33.8688,151.2093,Australia,AS1221,Telstra_Business,Embedded_RTOS,N/A,certificate,0,23,False,False,True,always_on
EDG009,edge_device,OT_Operations,N/A,2,,HQ_NewYork,40.7128,-74.006,USA,AS7018,AT&T_Corporate,Embedded_RTOS,N/A,certificate,0,23,False,False,True,always_on
EDG010,edge_device,OT_Operations,N/A,2,,Branch_Toronto,43.6532,-79.3832,Canada,AS812,Rogers_Business,Embedded_RTOS,N/A,certificate,0,23,False,False,True,always_on
EDG011,edge_device,OT_Operations,N/A,2,,Branch_Toronto,43.6532,-79.3832,Canada,AS812,Rogers_Business,Embedded_RTOS,N/A,certificate,0,23,False,False,True,always_on
EDG012,edge_device,OT_Operations,N/A,2,,Branch_Singapore,1.3521,103.8198,Singapore,AS9506,SingTel_Business,Embedded_RTOS,N/A,certificate,0,23,False,False,True,always_on
EDG013,edge_device,OT_Operations,N/A,2,,HQ_London,51.5074,-0.1278,UK,AS5089,Virgin_Media_Business,Embedded_RTOS,N/A,certificate,0,23,False,False,True,always_on
EDG014,edge_device,OT_Operations,N/A,2,,HQ_London,51.5074,-0.1278,UK,AS5089,Virgin_Media_Business,Embedded_RTOS,N/A,certificate,0,23,False,False,True,always_on
EDG015,edge_device,OT_Operations,N/A,2,,Branch_Bengaluru,12.9716,77.5946,India,AS55836,Reliance_Jio_Business,Embedded_RTOS,N/A,certificate,0,23,False,False,True,always_on
EDG016,edge_device,OT_Operations,N/A,2,,Branch_Bengaluru,12.9716,77.5946,India,AS55836,Reliance_Jio_Business,Embedded_RTOS,N/A,certificate,0,23,False,False,True,always_on
EDG017,edge_device,OT_Operations,N/A,2,,HQ_London,51.5074,-0.1278,UK,AS5089,Virgin_Media_Business,Embedded_RTOS,N/A,certificate,0,23,False,False,True,always_on
EDG018,edge_device,OT_Operations,N/A,2,,Branch_Toronto,43.6532,-79.3832,Canada,AS812,Rogers_Business,Embedded_RTOS,N/A,certificate,0,23,False,False,True,always_on
EDG019,edge_device,OT_Operations,N/A,2,,HQ_NewYork,40.7128,-74.006,USA,AS7018,AT&T_Corporate,Embedded_RTOS,N/A,certificate,0,23,False,False,True,always_on
EDG020,edge_device,OT_Operations,N/A,2,,HQ_NewYork,40.7128,-74.006,USA,AS7018,AT&T_Corporate,Embedded_RTOS,N/A,certificate,0,23,False,False,True,always_on
EDG021,edge_device,OT_Operations,N/A,2,,Branch_Singapore,1.3521,103.8198,Singapore,AS9506,SingTel_Business,Embedded_RTOS,N/A,certificate,0,23,False,False,True,always_on
EDG022,edge_device,OT_Operations,N/A,2,,Branch_Toronto,43.6532,-79.3832,Canada,AS812,Rogers_Business,Embedded_RTOS,N/A,certificate,0,23,False,False,True,always_on
EDG023,edge_device,OT_Operations,N/A,2,,Branch_Bengaluru,12.9716,77.5946,India,AS55836,Reliance_Jio_Business,Embedded_RTOS,N/A,certificate,0,23,False,False,True,always_on
EDG024,edge_device,OT_Operations,N/A,2,,HQ_London,51.5074,-0.1278,UK,AS5089,Virgin_Media_Business,Embedded_RTOS,N/A,certificate,0,23,False,False,True,always_on
EDG025,edge_device,OT_Operations,N/A,2,,Branch_Toronto,43.6532,-79.3832,Canada,AS812,Rogers_Business,Embedded_RTOS,N/A,certificate,0,23,False,False,True,always_on
EDG026,edge_device,OT_Operations,N/A,2,,Branch_Singapore,1.3521,103.8198,Singapore,AS9506,SingTel_Business,Embedded_RTOS,N/A,certificate,0,23,False,False,True,always_on
EDG027,edge_device,OT_Operations,N/A,2,,Branch_Sydney,-33.8688,151.2093,Australia,AS1221,Telstra_Business,Embedded_RTOS,N/A,certificate,0,23,False,False,True,always_on
EDG028,edge_device,OT_Operations,N/A,2,,Branch_Berlin,52.52,13.405,Germany,AS3320,Deutsche_Telekom_Business,Embedded_RTOS,N/A,certificate,0,23,False,False,True,always_on
EDG029,edge_device,OT_Operations,N/A,2,,Branch_Toronto,43.6532,-79.3832,Canada,AS812,Rogers_Business,Embedded_RTOS,N/A,certificate,0,23,False,False,True,always_on
EDG030,edge_device,OT_Operations,N/A,2,,Branch_Berlin,52.52,13.405,Germany,AS3320,Deutsche_Telekom_Business,Embedded_RTOS,N/A,certificate,0,23,False,False,True,always_on
EDG031,edge_device,OT_Operations,N/A,2,,HQ_NewYork,40.7128,-74.006,USA,AS7018,AT&T_Corporate,Embedded_RTOS,N/A,certificate,0,23,False,False,True,always_on
EDG032,edge_device,OT_Operations,N/A,2,,Branch_Singapore,1.3521,103.8198,Singapore,AS9506,SingTel_Business,Embedded_RTOS,N/A,certificate,0,23,False,False,True,always_on
EDG033,edge_device,OT_Operations,N/A,2,,Branch_Singapore,1.3521,103.8198,Singapore,AS9506,SingTel_Business,Embedded_RTOS,N/A,certificate,0,23,False,False,True,always_on
EDG034,edge_device,OT_Operations,N/A,2,,Branch_Sydney,-33.8688,151.2093,Australia,AS1221,Telstra_Business,Embedded_RTOS,N/A,certificate,0,23,False,False,True,always_on
EDG035,edge_device,OT_Operations,N/A,2,,HQ_London,51.5074,-0.1278,UK,AS5089,Virgin_Media_Business,Embedded_RTOS,N/A,certificate,0,23,False,False,True,always_on
EDG036,edge_device,OT_Operations,N/A,2,,Branch_Sydney,-33.8688,151.2093,Australia,AS1221,Telstra_Business,Embedded_RTOS,N/A,certificate,0,23,False,False,True,always_on
EDG037,edge_device,OT_Operations,N/A,2,,Branch_Toronto,43.6532,-79.3832,Canada,AS812,Rogers_Business,Embedded_RTOS,N/A,certificate,0,23,False,False,True,always_on
EDG038,edge_device,OT_Operations,N/A,2,,Branch_Singapore,1.3521,103.8198,Singapore,AS9506,SingTel_Business,Embedded_RTOS,N/A,certificate,0,23,False,False,True,always_on
EDG039,edge_device,OT_Operations,N/A,2,,HQ_London,51.5074,-0.1278,UK,AS5089,Virgin_Media_Business,Embedded_RTOS,N/A,certificate,0,23,False,False,True,always_on
EDG040,edge_device,OT_Operations,N/A,2,,Branch_Sydney,-33.8688,151.2093,Australia,AS1221,Telstra_Business,Embedded_RTOS,N/A,certificate,0,23,False,False,True,always_on
EDG041,edge_device,OT_Operations,N/A,2,,Branch_Sydney,-33.8688,151.2093,Australia,AS1221,Telstra_Business,Embedded_RTOS,N/A,certificate,0,23,False,False,True,always_on
EDG042,edge_device,OT_Operations,N/A,2,,Branch_Bengaluru,12.9716,77.5946,India,AS55836,Reliance_Jio_Business,Embedded_RTOS,N/A,certificate,0,23,False,False,True,always_on
EDG043,edge_device,OT_Operations,N/A,2,,Branch_Toronto,43.6532,-79.3832,Canada,AS812,Rogers_Business,Embedded_RTOS,N/A,certificate,0,23,False,False,True,always_on
EDG044,edge_device,OT_Operations,N/A,2,,Branch_Singapore,1.3521,103.8198,Singapore,AS9506,SingTel_Business,Embedded_RTOS,N/A,certificate,0,23,False,False,True,always_on
EDG045,edge_device,OT_Operations,N/A,2,,Branch_Toronto,43.6532,-79.3832,Canada,AS812,Rogers_Business,Embedded_RTOS,N/A,certificate,0,23,False,False,True,always_on
EDG046,edge_device,OT_Operations,N/A,2,,Branch_Toronto,43.6532,-79.3832,Canada,AS812,Rogers_Business,Embedded_RTOS,N/A,certificate,0,23,False,False,True,always_on
EDG047,edge_device,OT_Operations,N/A,2,,HQ_NewYork,40.7128,-74.006,USA,AS7018,AT&T_Corporate,Embedded_RTOS,N/A,certificate,0,23,False,False,True,always_on
EDG048,edge_device,OT_Operations,N/A,2,,Branch_Sydney,-33.8688,151.2093,Australia,AS1221,Telstra_Business,Embedded_RTOS,N/A,certificate,0,23,False,False,True,always_on
EDG049,edge_device,OT_Operations,N/A,2,,Branch_Toronto,43.6532,-79.3832,Canada,AS812,Rogers_Business,Embedded_RTOS,N/A,certificate,0,23,False,False,True,always_on
EDG050,edge_device,OT_Operations,N/A,2,,HQ_NewYork,40.7128,-74.006,USA,AS7018,AT&T_Corporate,Embedded_RTOS,N/A,certificate,0,23,False,False,True,always_on
EDG051,edge_device,OT_Operations,N/A,2,,Branch_Singapore,1.3521,103.8198,Singapore,AS9506,SingTel_Business,Embedded_RTOS,N/A,certificate,0,23,False,False,True,always_on
EDG052,edge_device,OT_Operations,N/A,2,,Branch_Toronto,43.6532,-79.3832,Canada,AS812,Rogers_Business,Embedded_RTOS,N/A,certificate,0,23,False,False,True,always_on
EDG053,edge_device,OT_Operations,N/A,2,,Branch_Bengaluru,12.9716,77.5946,India,AS55836,Reliance_Jio_Business,Embedded_RTOS,N/A,certificate,0,23,False,False,True,always_on
EDG054,edge_device,OT_Operations,N/A,2,,Branch_Berlin,52.52,13.405,Germany,AS3320,Deutsche_Telekom_Business,Embedded_RTOS,N/A,certificate,0,23,False,False,True,always_on
EDG055,edge_device,OT_Operations,N/A,2,,HQ_NewYork,40.7128,-74.006,USA,AS7018,AT&T_Corporate,Embedded_RTOS,N/A,certificate,0,23,False,False,True,always_on
EDG056,edge_device,OT_Operations,N/A,2,,Branch_Bengaluru,12.9716,77.5946,India,AS55836,Reliance_Jio_Business,Embedded_RTOS,N/A,certificate,0,23,False,False,True,always_on
EDG057,edge_device,OT_Operations,N/A,2,,Branch_Singapore,1.3521,103.8198,Singapore,AS9506,SingTel_Business,Embedded_RTOS,N/A,certificate,0,23,False,False,True,always_on
EDG058,edge_device,OT_Operations,N/A,2,,Branch_Sydney,-33.8688,151.2093,Australia,AS1221,Telstra_Business,Embedded_RTOS,N/A,certificate,0,23,False,False,True,always_on
EDG059,edge_device,OT_Operations,N/A,2,,Branch_Bengaluru,12.9716,77.5946,India,AS55836,Reliance_Jio_Business,Embedded_RTOS,N/A,certificate,0,23,False,False,True,always_on
EDG060,edge_device,OT_Operations,N/A,2,,Branch_Toronto,43.6532,-79.3832,Canada,AS812,Rogers_Business,Embedded_RTOS,N/A,certificate,0,23,False,False,True,always_on
IOT001,iot_device,OT_Operations,N/A,2,,Branch_Berlin,52.52,13.405,Germany,AS3320,Deutsche_Telekom_Business,IoT_Linux,N/A,certificate,0,23,False,False,True,always_on
IOT002,iot_device,OT_Operations,N/A,2,,Branch_Berlin,52.52,13.405,Germany,AS3320,Deutsche_Telekom_Business,IoT_Linux,N/A,certificate,0,23,False,False,True,always_on
IOT003,iot_device,OT_Operations,N/A,2,,Branch_Berlin,52.52,13.405,Germany,AS3320,Deutsche_Telekom_Business,IoT_Linux,N/A,certificate,0,23,False,False,True,always_on
IOT004,iot_device,OT_Operations,N/A,2,,Branch_Sydney,-33.8688,151.2093,Australia,AS1221,Telstra_Business,IoT_Linux,N/A,certificate,0,23,False,False,True,always_on
IOT005,iot_device,OT_Operations,N/A,2,,HQ_London,51.5074,-0.1278,UK,AS5089,Virgin_Media_Business,IoT_Linux,N/A,certificate,0,23,False,False,True,always_on
IOT006,iot_device,OT_Operations,N/A,2,,Branch_Sydney,-33.8688,151.2093,Australia,AS1221,Telstra_Business,IoT_Linux,N/A,certificate,0,23,False,False,True,always_on
IOT007,iot_device,OT_Operations,N/A,2,,Branch_Toronto,43.6532,-79.3832,Canada,AS812,Rogers_Business,IoT_Linux,N/A,certificate,0,23,False,False,True,always_on
IOT008,iot_device,OT_Operations,N/A,2,,HQ_NewYork,40.7128,-74.006,USA,AS7018,AT&T_Corporate,IoT_Linux,N/A,certificate,0,23,False,False,True,always_on
IOT009,iot_device,OT_Operations,N/A,2,,Branch_Berlin,52.52,13.405,Germany,AS3320,Deutsche_Telekom_Business,IoT_Linux,N/A,certificate,0,23,False,False,True,always_on
IOT010,iot_device,OT_Operations,N/A,2,,Branch_Bengaluru,12.9716,77.5946,India,AS55836,Reliance_Jio_Business,IoT_Linux,N/A,certificate,0,23,False,False,True,always_on
IOT011,iot_device,OT_Operations,N/A,2,,Branch_Toronto,43.6532,-79.3832,Canada,AS812,Rogers_Business,IoT_Linux,N/A,certificate,0,23,False,False,True,always_on
IOT012,iot_device,OT_Operations,N/A,2,,HQ_NewYork,40.7128,-74.006,USA,AS7018,AT&T_Corporate,IoT_Linux,N/A,certificate,0,23,False,False,True,always_on
IOT013,iot_device,OT_Operations,N/A,2,,Branch_Berlin,52.52,13.405,Germany,AS3320,Deutsche_Telekom_Business,IoT_Linux,N/A,certificate,0,23,False,False,True,always_on
IOT014,iot_device,OT_Operations,N/A,2,,Branch_Toronto,43.6532,-79.3832,Canada,AS812,Rogers_Business,IoT_Linux,N/A,certificate,0,23,False,False,True,always_on
IOT015,iot_device,OT_Operations,N/A,2,,Branch_Bengaluru,12.9716,77.5946,India,AS55836,Reliance_Jio_Business,IoT_Linux,N/A,certificate,0,23,False,False,True,always_on
IOT016,iot_device,OT_Operations,N/A,2,,HQ_NewYork,40.7128,-74.006,USA,AS7018,AT&T_Corporate,IoT_Linux,N/A,certificate,0,23,False,False,True,always_on
IOT017,iot_device,OT_Operations,N/A,2,,HQ_NewYork,40.7128,-74.006,USA,AS7018,AT&T_Corporate,IoT_Linux,N/A,certificate,0,23,False,False,True,always_on
IOT018,iot_device,OT_Operations,N/A,2,,Branch_Singapore,1.3521,103.8198,Singapore,AS9506,SingTel_Business,IoT_Linux,N/A,certificate,0,23,False,False,True,always_on
IOT019,iot_device,OT_Operations,N/A,2,,Branch_Bengaluru,12.9716,77.5946,India,AS55836,Reliance_Jio_Business,IoT_Linux,N/A,certificate,0,23,False,False,True,always_on
IOT020,iot_device,OT_Operations,N/A,2,,Branch_Singapore,1.3521,103.8198,Singapore,AS9506,SingTel_Business,IoT_Linux,N/A,certificate,0,23,False,False,True,always_on
IOT021,iot_device,OT_Operations,N/A,2,,Branch_Berlin,52.52,13.405,Germany,AS3320,Deutsche_Telekom_Business,IoT_Linux,N/A,certificate,0,23,False,False,True,always_on
IOT022,iot_device,OT_Operations,N/A,2,,HQ_NewYork,40.7128,-74.006,USA,AS7018,AT&T_Corporate,IoT_Linux,N/A,certificate,0,23,False,False,True,always_on
IOT023,iot_device,OT_Operations,N/A,2,,Branch_Bengaluru,12.9716,77.5946,India,AS55836,Reliance_Jio_Business,IoT_Linux,N/A,certificate,0,23,False,False,True,always_on
IOT024,iot_device,OT_Operations,N/A,2,,Branch_Bengaluru,12.9716,77.5946,India,AS55836,Reliance_Jio_Business,IoT_Linux,N/A,certificate,0,23,False,False,True,always_on
IOT025,iot_device,OT_Operations,N/A,2,,HQ_London,51.5074,-0.1278,UK,AS5089,Virgin_Media_Business,IoT_Linux,N/A,certificate,0,23,False,False,True,always_on
IOT026,iot_device,OT_Operations,N/A,2,,Branch_Toronto,43.6532,-79.3832,Canada,AS812,Rogers_Business,IoT_Linux,N/A,certificate,0,23,False,False,True,always_on
IOT027,iot_device,OT_Operations,N/A,2,,Branch_Berlin,52.52,13.405,Germany,AS3320,Deutsche_Telekom_Business,IoT_Linux,N/A,certificate,0,23,False,False,True,always_on
IOT028,iot_device,OT_Operations,N/A,2,,Branch_Toronto,43.6532,-79.3832,Canada,AS812,Rogers_Business,IoT_Linux,N/A,certificate,0,23,False,False,True,always_on
IOT029,iot_device,OT_Operations,N/A,2,,HQ_NewYork,40.7128,-74.006,USA,AS7018,AT&T_Corporate,IoT_Linux,N/A,certificate,0,23,False,False,True,always_on
IOT030,iot_device,OT_Operations,N/A,2,,Branch_Berlin,52.52,13.405,Germany,AS3320,Deutsche_Telekom_Business,IoT_Linux,N/A,certificate,0,23,False,False,True,always_on
IOT031,iot_device,OT_Operations,N/A,2,,Branch_Toronto,43.6532,-79.3832,Canada,AS812,Rogers_Business,IoT_Linux,N/A,certificate,0,23,False,False,True,always_on
IOT032,iot_device,OT_Operations,N/A,2,,Branch_Sydney,-33.8688,151.2093,Australia,AS1221,Telstra_Business,IoT_Linux,N/A,certificate,0,23,False,False,True,always_on
IOT033,iot_device,OT_Operations,N/A,2,,HQ_London,51.5074,-0.1278,UK,AS5089,Virgin_Media_Business,IoT_Linux,N/A,certificate,0,23,False,False,True,always_on
IOT034,iot_device,OT_Operations,N/A,2,,HQ_London,51.5074,-0.1278,UK,AS5089,Virgin_Media_Business,IoT_Linux,N/A,certificate,0,23,False,False,True,always_on
IOT035,iot_device,OT_Operations,N/A,2,,Branch_Bengaluru,12.9716,77.5946,India,AS55836,Reliance_Jio_Business,IoT_Linux,N/A,certificate,0,23,False,False,True,always_on
IOT036,iot_device,OT_Operations,N/A,2,,HQ_London,51.5074,-0.1278,UK,AS5089,Virgin_Media_Business,IoT_Linux,N/A,certificate,0,23,False,False,True,always_on
IOT037,iot_device,OT_Operations,N/A,2,,Branch_Berlin,52.52,13.405,Germany,AS3320,Deutsche_Telekom_Business,IoT_Linux,N/A,certificate,0,23,False,False,True,always_on
IOT038,iot_device,OT_Operations,N/A,2,,HQ_NewYork,40.7128,-74.006,USA,AS7018,AT&T_Corporate,IoT_Linux,N/A,certificate,0,23,False,False,True,always_on
IOT039,iot_device,OT_Operations,N/A,2,,Branch_Toronto,43.6532,-79.3832,Canada,AS812,Rogers_Business,IoT_Linux,N/A,certificate,0,23,False,False,True,always_on
IOT040,iot_device,OT_Operations,N/A,2,,Branch_Singapore,1.3521,103.8198,Singapore,AS9506,SingTel_Business,IoT_Linux,N/A,certificate,0,23,False,False,True,always_on
IND001,industrial_controller,OT_Operations,N/A,2,,Branch_Toronto,43.6532,-79.3832,Canada,AS812,Rogers_Business,Embedded_RTOS,N/A,certificate,0,23,False,False,True,always_on
IND002,industrial_controller,OT_Operations,N/A,2,,Branch_Sydney,-33.8688,151.2093,Australia,AS1221,Telstra_Business,Embedded_RTOS,N/A,certificate,0,23,False,False,True,always_on
IND003,industrial_controller,OT_Operations,N/A,2,,Branch_Berlin,52.52,13.405,Germany,AS3320,Deutsche_Telekom_Business,Embedded_RTOS,N/A,certificate,0,23,False,False,True,always_on
IND004,industrial_controller,OT_Operations,N/A,2,,Branch_Sydney,-33.8688,151.2093,Australia,AS1221,Telstra_Business,Embedded_RTOS,N/A,certificate,0,23,False,False,True,always_on
IND005,industrial_controller,OT_Operations,N/A,2,,Branch_Toronto,43.6532,-79.3832,Canada,AS812,Rogers_Business,Embedded_RTOS,N/A,certificate,0,23,False,False,True,always_on
IND006,industrial_controller,OT_Operations,N/A,2,,HQ_London,51.5074,-0.1278,UK,AS5089,Virgin_Media_Business,Embedded_RTOS,N/A,certificate,0,23,False,False,True,always_on
IND007,industrial_controller,OT_Operations,N/A,2,,Branch_Sydney,-33.8688,151.2093,Australia,AS1221,Telstra_Business,Embedded_RTOS,N/A,certificate,0,23,False,False,True,always_on
IND008,industrial_controller,OT_Operations,N/A,2,,Branch_Toronto,43.6532,-79.3832,Canada,AS812,Rogers_Business,Embedded_RTOS,N/A,certificate,0,23,False,False,True,always_on
IND009,industrial_controller,OT_Operations,N/A,2,,Branch_Sydney,-33.8688,151.2093,Australia,AS1221,Telstra_Business,Embedded_RTOS,N/A,certificate,0,23,False,False,True,always_on
IND010,industrial_controller,OT_Operations,N/A,2,,HQ_London,51.5074,-0.1278,UK,AS5089,Virgin_Media_Business,Embedded_RTOS,N/A,certificate,0,23,False,False,True,always_on
IND011,industrial_controller,OT_Operations,N/A,2,,Branch_Bengaluru,12.9716,77.5946,India,AS55836,Reliance_Jio_Business,Embedded_RTOS,N/A,certificate,0,23,False,False,True,always_on
IND012,industrial_controller,OT_Operations,N/A,2,,Branch_Bengaluru,12.9716,77.5946,India,AS55836,Reliance_Jio_Business,Embedded_RTOS,N/A,certificate,0,23,False,False,True,always_on
IND013,industrial_controller,OT_Operations,N/A,2,,Branch_Bengaluru,12.9716,77.5946,India,AS55836,Reliance_Jio_Business,Embedded_RTOS,N/A,certificate,0,23,False,False,True,always_on
IND014,industrial_controller,OT_Operations,N/A,2,,Branch_Berlin,52.52,13.405,Germany,AS3320,Deutsche_Telekom_Business,Embedded_RTOS,N/A,certificate,0,23,False,False,True,always_on
IND015,industrial_controller,OT_Operations,N/A,2,,Branch_Toronto,43.6532,-79.3832,Canada,AS812,Rogers_Business,Embedded_RTOS,N/A,certificate,0,23,False,False,True,always_on
IND016,industrial_controller,OT_Operations,N/A,2,,Branch_Singapore,1.3521,103.8198,Singapore,AS9506,SingTel_Business,Embedded_RTOS,N/A,certificate,0,23,False,False,True,always_on
IND017,industrial_controller,OT_Operations,N/A,2,,Branch_Bengaluru,12.9716,77.5946,India,AS55836,Reliance_Jio_Business,Embedded_RTOS,N/A,certificate,0,23,False,False,True,always_on
IND018,industrial_controller,OT_Operations,N/A,2,,HQ_NewYork,40.7128,-74.006,USA,AS7018,AT&T_Corporate,Embedded_RTOS,N/A,certificate,0,23,False,False,True,always_on
IND019,industrial_controller,OT_Operations,N/A,2,,HQ_NewYork,40.7128,-74.006,USA,AS7018,AT&T_Corporate,Embedded_RTOS,N/A,certificate,0,23,False,False,True,always_on
IND020,industrial_controller,OT_Operations,N/A,2,,Branch_Bengaluru,12.9716,77.5946,India,AS55836,Reliance_Jio_Business,Embedded_RTOS,N/A,certificate,0,23,False,False,True,always_on
SER001,server,IT_Ops,N/A,2,,Branch_Bengaluru,12.9716,77.5946,India,AS55836,Reliance_Jio_Business,RHEL_9,N/A,certificate,0,23,False,False,True,always_on
SER002,server,IT_Ops,N/A,2,,Branch_Singapore,1.3521,103.8198,Singapore,AS9506,SingTel_Business,RHEL_9,N/A,certificate,0,23,False,False,True,always_on
SER003,server,IT_Ops,N/A,2,,Branch_Singapore,1.3521,103.8198,Singapore,AS9506,SingTel_Business,RHEL_9,N/A,certificate,0,23,False,False,True,always_on
SER004,server,IT_Ops,N/A,2,,Branch_Berlin,52.52,13.405,Germany,AS3320,Deutsche_Telekom_Business,RHEL_9,N/A,certificate,0,23,False,False,True,always_on
SER005,server,IT_Ops,N/A,2,,Branch_Berlin,52.52,13.405,Germany,AS3320,Deutsche_Telekom_Business,RHEL_9,N/A,certificate,0,23,False,False,True,always_on
SER006,server,IT_Ops,N/A,2,,Branch_Sydney,-33.8688,151.2093,Australia,AS1221,Telstra_Business,RHEL_9,N/A,certificate,0,23,False,False,True,always_on
SER007,server,IT_Ops,N/A,2,,HQ_NewYork,40.7128,-74.006,USA,AS7018,AT&T_Corporate,RHEL_9,N/A,certificate,0,23,False,False,True,always_on
SER008,server,IT_Ops,N/A,2,,Branch_Singapore,1.3521,103.8198,Singapore,AS9506,SingTel_Business,RHEL_9,N/A,certificate,0,23,False,False,True,always_on
SER009,server,IT_Ops,N/A,2,,Branch_Toronto,43.6532,-79.3832,Canada,AS812,Rogers_Business,RHEL_9,N/A,certificate,0,23,False,False,True,always_on
SER010,server,IT_Ops,N/A,2,,Branch_Berlin,52.52,13.405,Germany,AS3320,Deutsche_Telekom_Business,RHEL_9,N/A,certificate,0,23,False,False,True,always_on
SER011,server,IT_Ops,N/A,2,,Branch_Toronto,43.6532,-79.3832,Canada,AS812,Rogers_Business,RHEL_9,N/A,certificate,0,23,False,False,True,always_on
SER012,server,IT_Ops,N/A,2,,Branch_Sydney,-33.8688,151.2093,Australia,AS1221,Telstra_Business,RHEL_9,N/A,certificate,0,23,False,False,True,always_on
SER013,server,IT_Ops,N/A,2,,Branch_Berlin,52.52,13.405,Germany,AS3320,Deutsche_Telekom_Business,RHEL_9,N/A,certificate,0,23,False,False,True,always_on
SER014,server,IT_Ops,N/A,2,,Branch_Bengaluru,12.9716,77.5946,India,AS55836,Reliance_Jio_Business,RHEL_9,N/A,certificate,0,23,False,False,True,always_on
SER015,server,IT_Ops,N/A,2,,Branch_Singapore,1.3521,103.8198,Singapore,AS9506,SingTel_Business,RHEL_9,N/A,certificate,0,23,False,False,True,always_on
SER016,server,IT_Ops,N/A,2,,Branch_Berlin,52.52,13.405,Germany,AS3320,Deutsche_Telekom_Business,RHEL_9,N/A,certificate,0,23,False,False,True,always_on
SER017,server,IT_Ops,N/A,2,,Branch_Bengaluru,12.9716,77.5946,India,AS55836,Reliance_Jio_Business,RHEL_9,N/A,certificate,0,23,False,False,True,always_on
SER018,server,IT_Ops,N/A,2,,Branch_Sydney,-33.8688,151.2093,Australia,AS1221,Telstra_Business,RHEL_9,N/A,certificate,0,23,False,False,True,always_on
SER019,server,IT_Ops,N/A,2,,Branch_Toronto,43.6532,-79.3832,Canada,AS812,Rogers_Business,RHEL_9,N/A,certificate,0,23,False,False,True,always_on
SER020,server,IT_Ops,N/A,2,,Branch_Toronto,43.6532,-79.3832,Canada,AS812,Rogers_Business,RHEL_9,N/A,certificate,0,23,False,False,True,always_on
SER021,server,IT_Ops,N/A,2,,Branch_Sydney,-33.8688,151.2093,Australia,AS1221,Telstra_Business,RHEL_9,N/A,certificate,0,23,False,False,True,always_on
SER022,server,IT_Ops,N/A,2,,HQ_NewYork,40.7128,-74.006,USA,AS7018,AT&T_Corporate,RHEL_9,N/A,certificate,0,23,False,False,True,always_on
SER023,server,IT_Ops,N/A,2,,HQ_London,51.5074,-0.1278,UK,AS5089,Virgin_Media_Business,RHEL_9,N/A,certificate,0,23,False,False,True,always_on
SER024,server,IT_Ops,N/A,2,,Branch_Singapore,1.3521,103.8198,Singapore,AS9506,SingTel_Business,RHEL_9,N/A,certificate,0,23,False,False,True,always_on
SER025,server,IT_Ops,N/A,2,,HQ_NewYork,40.7128,-74.006,USA,AS7018,AT&T_Corporate,RHEL_9,N/A,certificate,0,23,False,False,True,always_on
